pre_text,target_adverb,post_text,logits,loss
そこでは正答か誤答かの判定,以外に,はなく、○か×か以外に答える方法がないか、記述式の回答の機会があったとしても、間違いとされる記述をなぜ子どもがしたのか、子どもの思考の過程を問題とする評価が行われることはほとんどなかったと言えます。,,
自分,以外に,、自分の家族や親せき以外に、自分のこと、地域全体のことを、愛し、必至に守ろうとしている人がたくさんいるんだということを、もっと知らせなくてはいけない。,,
そういう意味において、どうも農林大臣の答弁も前向きだったが、前向きではやっぱり大来さんが専門家だから、やっぱり見通しの上に立って日本は確固たる、いま外務省でもやっておられる平和共存路線を押していく,以外に,、世界の世論を背景として動く以外にやはり日本の活路はないというところまで私は来ていると思いますが、あとは政治家の任務ですよ。,,
（第百九十八条第一項に規定する住宅資金貸付債権を有する再生債権者であって当該住宅資金貸付債権,以外に,再生債権を有しないもの及び保証会社であって住宅資金貸付債権に係る債務の保証に基づく求償権以外に再生債権を有しないものを除く。）」,,
第一、五百世帯あった東団地住民で電話をもっていたのは,一軒も,なかったのだ。,,
「保留地の近くには、ホテルやモーテルが,一軒も,ない。,,
ですが、周囲に公文の教室は,一軒も,ありません。,,
　なぜ,一軒も,なかったかは、今では明確に理解できる。,,
寝殿での、あの、すべてを吸いつけるような肉体が、伽藍のなかでは、,いったい,どういう具合に置かれているのか、また、あの、淫靡な、しかしつめたいまなざしが、いったい、どのような変幻を帯びて歓喜仏に注がれているのか。,,
,いったい,どちらが無責任なのか。,,
「台本を見ると危険なシーンが満載で『,いったい,どうやって撮るんだ』と思うほど。,,
　「空の星さまが,いったい,いくつあるのか、浜の真砂というものが、いったいいくつあるのか、しんじつのところ、勘定しきれたにんげんは、よもおるみゃ」,,
　ご質問のお子さんは、,おそらく,３歳児健診のときは、歯科では何も言われなかった、つまり異常がなかったのでしょう。,,
　ラムズフェルド国防長官は同日の会見で、再編の全体像が固まってから履行完了までに「,おそらく,四年、五年、六年かかるだろう」と指摘。,,
　ロシアと手を組んでスペインを支配することができれば、ナポレオンは、次に,おそらく,オーストリアを攻めるだろう。,,
ただ「県外勢に比べると,おそらく,三分の一」（牛腸正監督）という練習量で臨むだけに、不安はぬぐえない。,,
患者さんが移植に対して、,恐らく,欧米ほど積極的ではないですね。,,
これは分母の置き方で違いますけれども、もっと厳密に言うと,恐らく,六十〜七十％の間だと思います。,,
私の学校時代の旧友のような男であったならば、,恐らく,はそうしたであろう。,,
私を呶鳴りつけた男も、,恐らく,はそれ以上の胸糞悪さを覚えて、私を咎めたに相違なかった。,,
　鉄道事業者など一部の試験運用対象機関から早期の本格運用を求める声が上がる一方、「理解不足のまま不特定多数に情報が流れると、,かえって,混乱を招く恐れもある」（同庁）という。,,
スキンシップしなくちゃと、お母さんが構えると,かえって,ストレスになりそうです。,,
ということは、迷ったことに気づいた彼女が後戻りしようとして、,かえって,山奥へと向かった可能性が強い。,,
今後の尋問を通じても空振りに終われば、イラク戦争の「大義名分」は根拠を失い、,かえって,ブッシュ政権に対する国際的な疑念が強まる結果となりかねない。,,
　この場合、黒ａとマガってきても、白ｂとハネておけばよく、,却って,ありがたいくらいですので、黒もそうは打たずに十四とオサエるくらいになるでしょう。,,
　白五十四、黒五十五の交換は,却って,白五十六・五十八の二間を苦しめる結果となった。,,
それ以上の芝居は、,却って,人目を引くことになるからだ。,,
このあたりの描写は、落語『明烏』などで、ウブな息子が,却って,もてて、朝の帰りをしぶる有名なくだりなどを下敷きとする。,,
疑い、究明し、権威や導師や聖典、語り手を含め、,けっして,受け入れないこと、けっして受け入れず、疑問をもち、疑い、尋ねるのです。,,
波平さんも時々カツオくんを怒ったりはしますけれども、,けっして,強圧的な父親ではありません。,,
しかし、中国寄り、というのは,けっして,中国や中国の人々の味方になろうとしたことではなかったことを指摘しておきたい。,,
「わしの生きているかぎり、もう、,けっして,けっして家の閾はまたがせませんわい！」,,
「私はこれまで,決して,例のなかった、そして今後も決して模倣するひとがないような仕事を試みる」とルソーは言う。,,
しかし、昔も死んでしまって、,決して,、決して戻って来ない。,,
日本の教科書は広い視野に立って書かれており、,決して,偏向したものではない。,,
　ところが出来上った文化は各地域によってそれぞれ特色があり、,決して,同一でないが、併し共通点を探せば、それも決して不可能ではない。,,
　楽観的なギリシャ人も、,さすがに,安穏とできないようだ。,,
　,さすがに,仕事が続いてちょっとバテ気味です。,,
　平静な谷口も、,さすがに,ぼうぜんとしていた。,,
　清水は、,さすがに,うれしそうだった。,,
一期と合わせて４期は,流石に,キツイよな…,,
初めて土曜日に来たら、それはそれは混んでること、九段下の出口がボトルネックになってるモノだから、駅を出るのが一苦労、でも、,流石に,、このサクラ、二十年見てても飽きない。,,
いや、,流石に,アレだったね・・・,,
,流石に,善光寺だけあってすごかった！！,,
それともう一つ、私には何なのか,さっぱり,分からないのだが、彼は利尻にも特別な思いがあったのかもしれません」,,
何か明白なものを見落としているのは確かなのだが、それがなんなのか,さっぱり,わからなかった。,,
ほかは何も,さっぱり,わからない。,,
　「何がなんだか、,さっぱり,わからん」,,
　「汚くないよ、,すこしも,汚くないから、もう洗わなくていいよ」,,
　「そんな、変なところなど、,すこしも,ございませんでしたよ。,,
日本は日本で、ヨーロッパの強国と,すこしも,ちがわないやり方でたたかったのだった。,,
　日本橋の急な傾斜をうしろ向きに走って、しかも、刀は,すこしも,ぶれていない。,,
,少しも,纏まらない考えと、不意打ちのように胸を締め付ける甘い感傷に軽く眉を顰める。,,
,少しも,心配している様子がない。,,
,少しも,眠くなかった。,,
不鈍不臆　［おめずおくせず］,少しも,気おくれしない。,,
あの男には,それほど,の値打ちはない―ほんとだ、いいかい、あの男にはそれほどの値打ちはないんだよ」,,
　「僕は,それほど,冒険好きな人間じゃないし、それにそれほど勇敢でもない。,,
　嘗て野口に,それほど,の執着を持った自分が今この有様なのだから、坂部の言葉も華子はきき流すのにそれほど骨は折れなかった。,,
すなわち、申請被害額が五億円以上であっても、被害地域も限定されており、被害の実質が,それほど,重大な影響を生じないような事件又は形式的には広域処理事件に当たるが、実質的には、全国的ないし広域的な見地による解決の必要性がそれほど高くない事件であって、中央委員会で処理することが当事者にかえって負担をかけるような場合である。,,
　,それ程,にトラウマとは根深いものであり、そしてまたそれ程にボクは気が小さいのだ。,,
　実は，工芸という言葉は歴史の中で,それ程,古くはない。,,
深川辺りうろついたって,それ程,の器量にゃ中中お目に掛かれやしない。,,
支援活動費も,それ程,求めず、無料でもやってくれるようだった。,,
,たった,一つ、四級の時、松原喜三郎という教師に、和歌を教わった。,,
,たった,ひとりの弟を失い「何もなくなった」とふさぎ込んでいた舞衣。,,
,たった,ひとりそこに立っただけでこれだけの支持者が集まるヨン様。,,
,たった,一言、そう云った。,,
だれとも仲良くやるが、だれとも親しくつき合わない。,だれとも,仲良くやるが、だれとも親しくつき合わない。,,
ぼくのようにどこの,だれとも,わからない男を家に入れたりして平気なんだろうか。,,
ジェサップは,だれとも,関係を持っていなかった。,,
今の段階では、お　相手が,だれとも,特定されていないけれど、そうなったときはすべてが明らかにされるわ。,,
ＦＡＸは、,誰とも,顔を合わさず、話をせず、でも自分の意思を確実に伝えることのできる便利な術である。,,
　勅使河原さんのパワー・ボイスが広大な花月邸に響くと、ようやく皆の緊張がほぐれ、,誰とも,なく、拍手をしていた。,,
　柏木に続き、渡辺と弥生までが,誰とも,目を合わせぬようにして「明日になれば」と口にしたことで、克喜はようやく彼らの陽気さの理由を知った。,,
「…はい、朝、家を出て帰宅するまで,誰とも,口を利かないのが私の日常です」,,
　しかし入念な感想戦の結果は、,どうやら,後手が余しているらしい。,,
　むろん、鷲にはその言葉が分からなかったが、,どうやら,その人間がひどく怒っているらしいことは見当がついた。,,
どうやら二人は、密かにじっくりと関係を深めていたようである。,どうやら,二人は、密かにじっくりと関係を深めていたようである。,,
人種の身長とリンゴのサイズに対する嗜好は、,どうやら,反比例の関係があるようです。,,
そのため、行政を担当する職員は,なるべく,秘密を守る方にばかり目がいって、行政情報をなるべく公開しようなどとは思わなかったのである。,,
「原作の雰囲気を,なるべく,変えないようにしています。,,
僕はこのへんは,なるべく,正直に打ち明けた。,,
気になる塩分は,なるべく,控え、旬の香りを生かした作りやすいレシピで紹介します」,,
私は、このブログて゜の画像は、空と海で画像を作る事にしていて,成るべく,人工に作られた物は画像に入れない要にしてきましたが。,,
　物事は,成るべく,して成る。,,
時の流れの中で,成るべく,して皇位についた天皇なのである。,,
　「私のは,成るべく,大きな軸物にお願い致します」,,
然しその全篇は、別に一部として発行し、此所にはその眼目の場のみを、態と日本風に書き改めて、,成る可く,解り易く綴つたのである。,,
即ち,成る可く,交通便利にして且全国的分布の当を得たる位置に存すること,,
即ち区域内の土地は御料地，国有地，公有地等を主とし，私有地を包含する場合に在りては,成る可く,土地所有者が国立公園に対し理解を有し，其の設置に付便益多きこと,,
　「だって，勉強,なんか,きらいだから，大学なんか行きたくない」,,
化粧,なんか,いらねえよ、そんな化粧なんかいっペンに駄目になるんだ」,,
でも、,なんか,勢いっつーか、なんか友達とかのススメで勢いで付き合っちゃったのもバカだったんですけど、,,
で、防空演習,なんか,やらされたりなんか…。,,
なんとなく滞っていた運気が、勢いよく良い方向に流れ出すはずです。,なんとなく,滞っていた運気が、勢いよく良い方向に流れ出すはずです。,,
私の場合は、やせたくて始めたわけではありませんが、以前より,なんとなく,体が引き締まってきたのを実感しています。,,
　寒天茶の飲み方ですが、私の場合、熱いお茶に粉寒天を混ぜるだけだと、,なんとなく,味気なく感じました。,,
化粧水はしっとりなのにサッパリ心地よく使えたから、,なんとなく,みずみずしいクリームを想像していた。,,
また、症状が出にくく、「,何となく,元気がない」という程度でも、重大な病気が起こっていることがあります。,,
「,何となく,試合が終わっちゃったね」。,,
そして半年後に正式な配属が決まるのですが、希望の部署を聞かれても特に考えも無かった私は、,何となく,鉄鋼ができる生産工程の入り口の原料部門がいいかなと思っていました。,,
,何となく,調子が悪いなあ、と自覚している。,,
,何と無く,何時もより僧の人数が多い気がした。,,
そして、シャガはアヤメ科の植物・・・そう言われれば,何と無く,菖蒲に似ている。,,
会う前は,何と無く,良い人だなって思い素の自分を見せてました。,,
う〜〜ん、まあ、全国普及してないのが,何と無く,解かるようなお味。,,
,ひょっとして,機嫌を損ねてしまっただろうか。,,
「そいつは、,ひょっとして,、茶色い服を着てるか？,,
それから、,ひょっとして,、首に小さな木綿の袋をぶら下げているかも知れません」,,
　,ひょっとして,、正登はオレとしたこと、実は後悔してるんじゃないかとか思ってさ。,,
暖かい日ざしがあるわけではない、車の行き来が頻繁なこんな道路で、,まさか,昼寝でもあるまいと思わせる、この“まさか”がなければ、猫は死んでいるようにも見えなかった。,,
,まさか,、死ぬなんて思ってなかったし、新聞見た時もまさかあのアマが殴った男だなんて思ってなかった。,,
謎を解け！,まさか,のミステリー,,
,まさか,執筆依頼ではあるまいな、と内心警戒していたら、まさにそのまさかであった。,,
むしろ、まったく,真逆,の感じで、どれだけ人と分かち合える感性を持ち得るか。,,
　「おのし、,真逆,と思ったが、よく来たねえ。,,
　幾ら勘が良いと云っても、,真逆,僕が来るのを予知して待ち構えていた訳でもあるまい。,,
鬼どもは朝になったと勘違いして地団駄を踏んでくやしがり、そこらじゅうの大杉を根こそぎ抜き取って,真逆,様に突き刺したという。,,
同営業所は「カラスの巣づくりが原因の停電は,めったに,ないが、今後、同じようなことが起こらないように対策を考えたい」としている。,,
,めったに,褒めないという与儀幸朝監督も,,
　日本人の死亡記事は、,めったに,欧米紙に載らない。,,
日本ではまず,めったに,ないことです。,,
普段は時間帯が違うせいか、そんな風に顔を合わせることは,滅多に,ない。,,
　「あそこからでは,滅多に,当たるまい。,,
鍵はついているが、鍵をかけることは,滅多に,ない。,,
伊豆でも,滅多に,お目にかかれないフリソデエビが、なんとこの坂田の海に。,,
,もしかすると,開発にかけた手間が、Ｆ二千四のもっとも自慢できる部分なのかもしれない。,,
ここでの楽しい一夜ですっかりリラックスしたフェデラーは、これが,もしかすると,全米制覇にもつながったのかも。,,
　女の恋話は、,もしかすると,、よく男性が語っている、,,
　それは…,もしかすると,仕掛けられたかもしれないですよ。,,
,もしかして,、あんたは、鬼塚が行方不明になったときも原田のあとをつけていたんじゃないのか。,,
　この状態で五秒程経過すると、「,もしかして,、この自動ドアは開かないかもしれない」と気づくことになる。,,
そのあとで、少し前に,もしかして,若者が橋を渡らなかったか、とそいつがきいた。,,
逆に巡査長ものが一点で出品されていると「,もしかして,…」と思わせる。,,
あの若いＳＲ乗りも、いつか誰かに同じセリフが言えるといいな…、とか、,もしかしたら,ＲＺさんも若いころ、同じように誰かから…、なんて。,,
,もしかしたら,、中真智子はいつか何かの拍子に「津田伸一という小説家に会ったことがある」くらいの話は夫にしたかもしれない。,,
,もしかしたら,、民衆よりも、宿営地を設けて滞在する連合国軍側の兵士の数のほうが多かったかもしれない。,,
いや、,もしかしたら,。,,
現実に結果がともなわなくとも，というよりそうであればそうであるほど，松陰は，,いっそう,純粋にいっそう過激に，みずからの誠のいたらなさを責めたのである。,,
花壇の花たちは、より,いっそう,背丈を高くし、よりいっそう美しい花を咲かせようとして、互いに競い合っているかに見えます。,,
そして、この現象が起こる時には、きっと、彼女の野性が,いっそう,あらあらしくなり、気の毒な不具者を責めさいなむことがいっそう激しくなるのを常とした。,,
そこから彼は、「自然の側で,いっそう,よく知られている事柄」と「われわれの側でいっそうよく知られている事柄」という、奇妙な区別に導かれた。,,
宗教法人からの書類提出の開始により，不活動宗教法人の実態把握が,一層,可能となったため，文化庁及び都道府県において，不活動宗教法人の整理促進に一層取り組んでいくこととしている。,,
　なお，平成十年６月の大学審議会の中間まとめにおいては，高等教育に対する社会のニーズの,一層,の多様化等に適切にこたえていくためには，学生が自らの関心や卒業後の進路の希望等を踏まえて，主体的に履修内容等を選択できるよう，制度の一層の弾力化を進める必要があるとの観点から，学部３年次卒業の例外措置の導入や，秋期（９月）入学の拡大などの改革方策が示されている。,,
　対インド援助を実施する上での留意点としては、インド側による我が国技術協力の,一層,の活用、広く国民に裨益する無償・技協案件の実施、実施体制の強化の一層の向上が重要である。,,
　日米経済関係においては、相互依存関係の,一層,の深化が見られるとともに、世界経済の中で大きな地位を占める日米両国が協調して世界経済の安定的な発展にあたるべきであるとの基本的な認識が一層深まってきている。,,
その点,ひじょうに,斬新でありまして、もちろん武内先生にいわせると、いろいろ議論があるわけでありますけれども、私はひじょうに感銘をうけたのであります。,,
　料理のメニュー名がついているベビーフードで、和・洋・中国風と種類は,ひじょうに,豊富。,,
しかし現在は,ひじょうに,能力のある新しいパートナーを得て、ロングタームの開発も大丈夫です。,,
また、羊飼いたちは「,ひじょうに,恐れた」様子もなく、天使を見て見ぬふりをしたり、楽器を奏でたりしていることが多い。,,
高齢者のためのフォーマルな保健医療・介護・福祉サービスは多様であり，それらのサービス提供事業者の種類や数も,非常に,多く，またサービスの利用主体である高齢者や家族のニーズも，非常に多様である。,,
　Ｆ２層は,非常に,不規則なものであって，見掛けの高さ，臨界周波数とともに日中は非常によく変化する。,,
これは,非常に,重要なことで、画期的アイデアは非常に多くのプラス面と少数のマイナスを生むことが多いのです。,,
　これは,非常に,採択になるのが難しい、審査の非常に厳しい助成制度なのです。,,
術者として,ものすごく,出世して、報酬もものすごくもらえていて、ものすごく大きな家に住んでいそうだなあ」,,
　はたまた,ものすごく,お豆腐好きだったら、とっておきの汲み上げ豆腐をものすごく喜んでくれるかもしれない。,,
ものすごく暇なときには全部読もうとしてみるのですが、やっぱりものすごく長いので途中で同意ボタンを押してしまいます・・・,ものすごく,暇なときには全部読もうとしてみるのですが、やっぱりものすごく長いので途中で同意ボタンを押してしまいます・・・,,
ものすごく細分化してしまっているから、ものすごくこまかい専門的なことしかしゃべれない。,ものすごく,細分化してしまっているから、ものすごくこまかい専門的なことしかしゃべれない。,,
ギターの,もの凄く,うまいやつだ。,,
ゴルフに対する知識やプレーの技術も最高で、何でも知ってて出来るのに、,もの凄く,謙虚でもある。,,
　「昨年十二月にミラとやった時から、,もの凄く,勝ちたい、と思うようになった。,,
大学に行くと中野が青い顔をして、「唐さんに報告したんですけど、,もの凄く,怒っています」とぼくのところに言いにきた。,,
物すごくアベックのたわむれている中之島公園をぶらついた。,物すごく,アベックのたわむれている中之島公園をぶらついた。,,
　水原は妻のパーマの黒髪を鷲摑みにして、形相,物すごく,、片手に最前正子が果物の皮をむいていたナイフを取り上げた。,,
そのかわり、木になるまでに時間はかかる、時間はかけようと、お金はそのかわり,物すごく,かからないわけです。,,
それから、育児の問題ですけれども、今後は高齢化が進むということは単身世帯が,物すごく,増えます。,,
僕たちもその山を登りはじめたが、雪の下の粘土が崩れて,物凄く,滑る。,,
つまり、資料を自分の疑似体験にするというのは,物凄く,大切なことで、広い意味で歴史を書こうと思った時には、忘れてはいけないことです。,,
それに「ジャッキー・チェンの映画に出てくる屋台のオヤジ」って言う,物凄く,マイナーなんだけど物凄く似てる物まねをしてる人が居たんですけど、誰だったかご存知ですか？,,
私の「治すヒント」の書庫の中に、線維筋痛症の事例を幾つか書いていますが、「,物凄く,年をとった感じ」「物凄く疲れた感じ」・・朝起きた時から、疲れて何も出来ない。。,,
これでは、,いちおう,回転はかかるが、スピードが大きく低下してしまい、回転だけのキレのないサーブになってしまう。,,
記事によると、当初は,いちおう,商品が送られていたことから、俗にいうチャリンカー（自転車操業をしている人を指すネット用語）のようだ。,,
,いちおう,わたしも自分なりに「曖昧さ」を追求してるわけだが。,,
　「,いちおう,、そのつもりだけど」,,
,一応,、この中ではヒールの役目ですから、みんながあこがれてる。,,
,一応,、真剣に耳を傾けていた男たちは、いっせいにため息をついた。,,
,一応,、亡くなったことは自覚されているようですな。,,
,一応,、就眠時刻も若干ばらつかなくなりました。,,
収納時に,うっかり,点灯の心配がないのは高ポイント。,,
一番左にしたときにリモコンが使用でき、“,うっかり,誤作動”を防ぐ。,,
それを,うっかり,文藝春秋の人にいったら、ウチから出しますといわれて。,,
ぼくは,うっかり,してそのとき知らなかった」,,
おら、ヘドレイのべこコを、ひとりじめにして、それも、あのように、,えんりょなく,、つきあってしまってよう。,,
住宅地の裏道にも自動車やバイクが、,えんりょなく,入ってきます。,,
,えんりょなく,、食べたり話したりするがよい。』,,
オヤジも好きな女を見つけたら、女房を放り出して,遠慮なく,楽しめばよいのである。,,
つまり、,遠慮なく,感情的になれる対象をわれわれは必要としているわけなのだ。,,
店の奥は子ども連れの家族も,遠慮なく,、くつろげるようにと、小上がりの座敷スタイルになっている。,,
友情の証として,遠慮なく,受けてＯＫ。,,
『うん　じゃぁ　,遠慮無く,…　』,,
このブログをご覧の皆さんも、,遠慮無く,お見えください。,,
結構見落とす方もいるみたいなので、,遠慮無く,質問してみるといいと思います。,,
里美は、稗田と共に,遠慮無く,上がらせていただく。,,
　ちさとに笑顔で応えられ、ふぶきは,おもいっきり,困った。,,
　ちさとは薄い体操服に包まれたふぶきの胸に,おもいっきり,顔を埋めた。,,
でもたまには、,おもいっきり,遊べる時間がほしいです。,,
いつもいつも勉強勉強とうるさいんだから、たまには,おもいっきり,遊んだっていいじゃないか,,
勉強がものすごくハードだから、ハーバードの学生はパーティをする時も,思いっきり,張り切るの。,,
ボトムはキュロットだから,思いっきり,はしゃいでもＯＫだね！,,
,思いっきり,派手な色で入れるのがコツ。,,
　メリル・ストリープが,思いっきり,こわくて面白かったけれど、やっぱり妖気において、旧作『影なき狙撃者』のほうが私は好きだなあ。,,
宴会や儀式で、,おもに,歌唱の伴奏に使われたという。,,
　舞台は、上手に蔵を置き、中央と下手部分を,おもに,演技空間としました。,,
これらの感情が生まれるときには,おもに,扁桃核が働き、それを表現するときにはおもに視床下部が働く。,,
ｐＱＣＴによる診断：ＱＣＴが,おもに,腰椎の海綿骨部分の測定に用いられるのに対し，おもに橈骨を対象とした装置です。,,
ルーチンの検査には血液寒天培地（レンサ球菌など,主に,球菌用），チョコレート寒天培地（ヘモフィルス用），ＢＴＢ乳糖寒天培地（腸内細菌，その他グラム陰性桿菌）の三者が主に使用され，特殊な菌を目的とする場合は選択培地を併用する。,,
他方，この訴えの提起請求は議決権と関係のある問題ではなく，会社の構成員であることによって株,主に,認められるのであるから，この株主には無議決権株主も含まれる。,,
不動産の売買が行われて、いったんは買,主に,所有権が移転したとしても、売買契約が取り消されればはじめから所有権は買主に移らなかったといわざるをえない。,,
このブログでは、,主に,「日常生活（学校・生徒会・図書局・演劇）」・「鉄道（主に北海道）」・「社会（経済と国際など）」を書いています。,,
　黒ヘビが、,かんたんに,、ちぎれた。,,
　三日目の朝、先生が、,かんたんに,いった。,,
　おタエは、ロクスケとちがって、マヨイノ森なんか、歩きまわったことがなかったから、,かんたんに,信ずるわけにはいかないという顔をしていた。,,
だから,かんたんに,いや、人の筋肉を一千倍くらいに強化できる、ま、そういうふうに考えりゃ、わかりやすいんじゃない？,,
味付け肉、スライス肉が,簡単に,手に入ってホームセンターなどで鍋や七輪、炭なども簡単に手に入りますから。,,
　ぼくは文学研究会というサークルに入っていて、そこの先輩が常任委員会のメンバーで、「立候補すれば,簡単に,なれるし、面白いからやってごらんよ」というすすめを真に受けて立候補したら、ほんとに簡単になってしまったんです。,,
,簡単に,済ませられるはずのことも簡単に済まなくなってくる。,,
何でそんなに,簡単に,手を出してしまえるのか、何でそんなに簡単に感情を垂れ流してしまえるのかって、そう思って泣いた。,,
　篠塚氏から,具体的に,（鉄筋を）何キログラム減らせという指示はあったのか。,,
,具体的に,どういう状態を指すのか、実はわかりにくい。,,
京都と滋賀で,具体的に,どんな仕掛けが考えられますか。,,
そんな疑いをぬぐうには、下流の岐阜県大垣市や三重県の海抜ゼロメートル地帯でダムが水害解消に果たす役割を、,具体的に,説明すべきである。,,
「読書や書き物の,気分転換に,いいスペースですね」（ご主人）,,
黙って彼の鬱憤を全部吐き出させてあげてから、,気分転換に,連れ出してあげたり、彼の怒りのエネルギーをＳＥＸに向けるのが得策。,,
　陣痛室で床のタイルがヒヤッとして気持ちがよかったので、,気分転換に,ペタペタとはだしで歩いていました。,,
それはあなたの,気分転換に,なるでしょう。,,
じつは先日ぼくがある用事があって図書館へ行って、帰りに門を出ようとしたら,ぐうぜん,老梅くんに出あったのさ。,,
,ぐうぜん,の一致なんかじゃない可能性のほうが、大きい。,,
　「おどろくべき,ぐうぜん,の一致だなあ。」,,
　,ぐうぜん,にしては、あまりにもできすぎている。,,
　そもそも人々には、平等に、いい,偶然,と悪い偶然とが、コートに打ち込まれるバレーボールのように打ち込まれていると考えていい。,,
,偶然,は二回続いてもやはりただの偶然。,,
　…ぼくはむかしから,偶然,の信者だったから、偶然ばかり書いた。,,
　「先生の小説にはずいぶん,偶然,の出会いが出てきますが、実人生にも偶然ということはたしかにありますね」,,
,具体的に,は、小泉首相の靖国神社参拝や教科書問題を挙げた。,,
京都と滋賀で,具体的に,どんな仕掛けが考えられますか。,,
また、日本への永住確認は北朝鮮国内ではできないことや、小泉首相の再訪朝の成果を,具体的に,示すことになるという政治的判断もある。,,
十月には、「自己分析」とは,具体的に,何をするかについてグループごとに考えてもらい、十二月には、就職活動の取り組み進度別に情報交換会を開いた。,,
,くわしく,は問い合わせ先まで。,,
若い女性の生き方、恋愛などにも,くわしく,、大学でも心理学の教鞭をとる。,,
,くわしく,は第１図を見てください。,,
　私はこの手帳で、その発達の一歩一歩を追いたいものと思い、はじめのうちは,くわしく,物語ってきた。,,
屋根や壁の損傷を,詳しく,点検するためのリストも考案した。,,
〇六年度からは、七世紀後半―九世紀前半の北館の建物の遺構について、規模や区画を,詳しく,調べる。,,
　確かに歯ぎしりはよくある癖で、する人としない人がいるようですが、,詳しく,調べると、子どもから大人まで、どんな人でも歯ぎしりをするそうです。,,
地理では都道府県の位置を,詳しく,学ばないため、北方領土問題や、沖縄が太平洋戦争で地上戦の舞台になった意味が理解できない。,,
あなたは、自分の生がどのように,こう,いう苦痛、こういう心配、こういう不安定になったのかを自分自身で見出しはじめるのです。,,
,こう,した，こうは言わないといった非文情報を得るために，われわれの資料収集には，前項で述べた正の資料収集とともに，それ以外にこうした負の情報を盛った最近の文法書や語法書，論文，それに文化辞典の類をぜひ加えておくことが大切であろう。,,
約束事は、,こう,なったら、こういう責任を果たさなくてはいけないといった、いわばチームのモラルのようなもの。,,
　明石市は「男は,こう,すべき、女だからこう」との意識を無くすため、文章などの表現を考えるハンドブック作成。,,
その目が,さらに,大きく、さらに青くなり、吸い込まれそうだ。,,
　その声が,さらに,悲鳴を呼び、悲鳴がさらに拡がる。,,
リードしている側が,さらに,得点した場合は「１点追加する」「さらに１点、リードを広げました」などと表現します。,,
人によって１票の重みが違うことは、権力がある者を,さらに,強く、弱者をさらに弱くする事に繋がるので、私はやはり１票は平等であるべきだと思います。,,
やな感じとは感じたが,更に,上昇してＳＴヒット、今回は割を食わず直後更に上がりました,,
増加し、救急自動車の現場到着所要時間も更に遅延していくことが予想される。 更に また、全国の消防本部においては、厳しい財政事情等により、救急需要の増加に合わせて救急自動車や人員等の整備を図ることが困難な状況にあることから、救急隊１隊当たりの年間平均出場件数は,更に,増加し、救急自動車の現場到着所要時間も更に遅延していくことが予想される。更にまた、全国の消防本部においては、厳しい財政事情等により、救急需要の増加に合わせて救急自動車や人員等の整備を図ることが困難な状況にあることから、救急隊１隊当たりの年間平均出場件数は,,
,更に,何かの会に出れば更にいろいろの人を、眺めることができた。,,
怒りにまかせて影法師の一人を,更に,殴り殺したが、その影から更に新たな影が現ると、渾身を込めて退いた。,,
けれども時期を失して、,しかたなく,産まざるを得なかった。,,
　聞いたドライバーは頰を引き攣らせ、何か言おうとしたが、信号が青になり、,しかたなく,前に向き直った。,,
,しかたなく,ニッキはその時心に掛かっていた事柄を英語で言ってやった。,,
　ほう、部族のためならば、,しかたなく,受け入れるのか。,,
ＴＶで放送されず、レンタル店にも置いていなかったため、,仕方なく,、本当に仕方なく、ちっちゃい画面で見ることにしました。,,
白Ｂの連絡は,仕方なく,、黒十一以下白十四まで同様にコウになり、黒がかなり優勢です」,,
たしかに体がだるくて,仕方なく,、見積書に目を通す気にもなれない日々が続いていたという。,,
鉄郎は必死に否定するが、,仕方なく,面倒を見るうちに、愛は赤ん坊に情が移ってしまう。,,
時間を,しっかり,コントロールするようになったら、夜もしっかり眠ってくれるようになりました。,,
　「お母さんの魂と、私の魂は、,しっかり,つながっているから、何の不安もないので、しっかり私の分まで、お父さんを見てあげて」と書いて以来、すっかりふっきれていた。,,
最近のウインターウエアは薄くても防寒が,しっかり,しているものが多いので、値段は高いができれば薄手のしっかりしたウインターウエアを準備しよう。,,
　このような形が,しっかり,できていれば、地域コミュニティと行政は、彼らの活動の成果を感謝の気持ちでしっかりと受けとめ、これからのまちづくりに十分に生かしていけるに違いない。,,
すると今朝とつぜん、わたしの目にはこの家が実際にあるがままに映ったの、わたしはお義母さんを,じっと,見つめ、Ｇ…をじっと見つめたわ…幻影を抱かない、新しい目で。,,
　ケンは,じっと,立ち尽くし、脳が目に映った物を処理する間、じっと見つめていた。,,
　そのまま顔を,じっと,うつむけ、何かしら、じっと思いにふけるようすだったが―,,
まるで森の中で,じっと,している臆病な鹿のようにやってきた。,,
親しい人の顔が、時として、,凝乎と,見ている間に見る見る肖ても肖つかぬ顔―顔を組立てている線と線とが離れ離れになった様な、唯不釣合な醜い形に見えて来る事がある。,,
汗水垂らして働くも、,凝乎と,堪えて辛抱するも、傍目を気にして飾るのも、何も彼も善きことを招き寄せたいがためではあるだろう。,,
だって―どうなってるか全然判らなくて、それでただ,凝乎と,してろと云われても―」,,
　線路は、,しだいに,湖畔へと。,,
自己犠牲を厭わない正義のファイアマンだった自分が、,しだいに,詐欺師に成り果てて行くような気がした。,,
頼りになるはずの父母も、,しだいに,年老いていく。,,
しかし、都合よく自分を利用する国民政府に、テレサは,しだいに,嫌悪感を抱き、自分が生まれ育った台湾から距離を置くようになる。,,
これを繰り返すうちに,次第に,固さが増して一種の壁のようなものを形成する。,,
　男は三昧堂の周りの庵から,次第に,近づきます。,,
晩秋の夕日を受けて立つさざ波が、金波銀波にキラキラ光り、まさに金の鱗のように輝きながら、,次第に,その色を失い夕闇の中に消えていく。,,
衆生の寿命が,次第に,短くなること。,,
　なお、テーブルに関しては、データを入力したり編集している状態で、カーソルを他のレコードに移動したり［閉じる］ボタンをクリックすると、現在の内容が,自動的に,保存されます。,,
　すると、ブレークポイントまで実行された段階で,自動的に,プログラムは一時的に実行を中断され、デバッグ状態となります。,,
　デバッグモードで実行をすると、このブレークポイントに来た段階で,自動的に,実行は中断され、デバッグの状態となるのです。,,
すると、,自動的に,全候補が出力されます。,,
どの麺にどのたれが合うか、,順番に,食べているうちに、ぺろっと食べ終わってしまった。,,
　父の動物のお産では、表を作って、生まれてくる,順番に,書き込んで、目方を量って。,,
女たちは,順番に,呼ばれて診察室に消え、不幸そうな顔のまま出てきて会計を済ませ、くもりガラスのドアから出ていった。,,
　これは、風呂に入ることが贅沢だった時代、風呂を,順番に,沸かして、各家庭が一度に入っていく習慣のことです。,,
その特徴と対処法をきちんと知って、,じょうずに,サポートしてあげましょう。,,
,じょうずに,造ったものね,,
,じょうずに,足から着地します。,,
せっかくある手を、,じょうずに,つかいましよう。,,
生理前の不安定な時期を,上手に,乗り切る自分にあった過ごし方を上手に見つけていく努力も忘れずにね！,,
医師は聞き,上手に,、患者は話し上手になろう,,
しかしながら、,上手に,わかれるなどというのは、きわめてまれなのだ、なぜなら、上手にはこぶなら人はわかれはしないだろうから。,,
この一分間のスモールトークをうまく聞きとって、,上手に,あいづちを打つことで、相手への印象が決まります。,,
どちらもメンフィスで買ったのだからアメリカ製で、女たちは靴を手にとって,じろじろ,と眺めた。,,
　鬼たちは、,じろじろ,と実盛と老人を見つめ、,,
　接合部分を,じろじろ,見ると、板はネジではなくボルトで留められていました。,,
私の外見をあなたがどう思おうと、博物館の展示品みたいに,じろじろ,見られるのはいやなの」,,
ハリスを,しんけんに,結ぶ高橋さんは、その結び目の数にもこだわっているようだ。,,
そのかわり、いままでのようにただ書くだけではなく、もっと,しんけんに,自分らしい作品を書こうと決意するのでした。,,
三郎も,しんけんに,見かえしました。,,
　まゆみは、,しんけんに,三郎の顔を見つめました。,,
恒久平和の実現という人類共通の願いを掲げた憲法の精神を具体化する努力を、政府は,真剣に,してきただろうか。,,
大学はこれまで知識だけを教え、勝手に卒業せい、という感じで、人づくりに,真剣に,取り組んでこなかった。,,
　行政なりに、防止策を,真剣に,模索している。,,
団員それぞれが,真剣に,考え、誇りを持ち続けてほしいですね。,,
立ち上がりいきなり失点するも、,すぐに,内川の本塁打などですぐに日本が逆転。,,
人間は、子供がころんでいるのを見て、,すぐに,起こしてやり、また水に落ちているのを見て、すぐに引き上げてやることができる。,,
外出時には指輪はしたいけど家に帰ってくるやいなや,すぐに,外してその辺に置くのですぐになくなります。,,
傷ついても,すぐに,立ち直れるし、いろいろなことを言われてもすぐに忘れられる。,,
幕末から西洋の知識を,積極的に,吸収していた佐野は、かねて「赤十字」の存在に深い感銘を受けていた。,,
その後も、肝臓がんの患者・春子（柏木由紀子）らの介護に,積極的に,かかわっていくが、患者のプライベートにまで踏み込む由希子の看護に、外科医の隼人（玉木宏）や看護師の恵理（木村多江）は反感を覚える。,,
　国際会議の場で日本が,積極的に,取り組んでいるのは世界も承知している。,,
同団体の内田豊事務局長（四十）は、「大阪の方々は以前は,積極的に,取り組んでいたのですが、二十一世紀に入って取り組みが弱くなっているのが心配」と憂慮する。,,
　リンダは思わず、,そっと,立っていってベッドに近づき、どのていど強くにぎりしめていいものかわからなかったので、そっとナリスの手にふれ、それを限りなくやさしくなでた。,,
私はまだ読んでいなかったので、その日、,そっと,その本を持ち帰り、帰りの電車の中で読みました。,,
彼の手は慰め、励ますかのようにイモジェンの肌を撫で、,そっと,動いていた。,,
　水中に沈められたミロットの胸に白くほっそりとした指が,そっと,2000,,
葛餅に黄粉,たっぷり,と黒みつたっぷり付けていただきます。,,
海草サラダにオイリーなドレッシング,たっぷり,とか、バターたっぷりキノコ炒めとかだと意味がありませんね！,,
カルシウム,たっぷり,のしらすをたっぷり使った健康ごはん。,,
でも時間は,たっぷり,、たっぷりございますよ。,,
　くるみさんが、首をかしげると、若者は、,たのしそうに,わらいました。,,
,たのしそうに,あそんでいましたよ！！,,
　モンタンが　くびを　かしげると、バンは　,たのしそうに,　わらいました。,,
　父さんが,たのしそうに,いった。,,
　「だから、いつも,楽しそうに,して明るくファンを喜ばせたい」,,
でも、彼女がせっかく,楽しそうに,しているのに、気分を壊したら悪いじゃないか。,,
　道順は歯に布着せず、,楽しそうに,語った。,,
,楽しそうに,している人を見ると、腹が立つ。,,
　ここで興味をひくのは、肩をくむ友党の小泉首相が,たびたび,靖国参拝を口にしていたことだ。,,
　番組が作曲家に新作を委嘱するという“ぜいたく”も,たびたび,あった。,,
　新しいタイプの旅行積み立てを昨年から打ち出しているのがＪＴＢ「,たびたび,バンク」。,,
だが、道警幹部やＯＢのこれまでの証言では、警察署長や本部・方面本部の課長らの「所属長」こそ、,たびたび,裏金を私事に使用し、転勤時には残金を「せんべつ」として持ち去る例も多かったとされる。,,
奈良公園で植樹の仕事をしていた植木商だった棚田は、観光客から,度々,平城京遺跡の場所を尋ねられたことから関心を持ち、調べているうちにその荒廃を嘆くようになり自費手弁当で東奔西走、度々上京もし各界に保存を呼び掛けた。,,
三人は幸子の自宅の通称“サロン”で,度々,ダべっているという設定での初共演。,,
　寄贈を受けたホームの宜野座綾子施設部長は「老人ホームに理解を示し、,度々,のプレゼントに感謝している」とお礼を述べた。,,
　機密費が国会対策や与党の選挙資金などに使われているという指摘は、これまでも,度々,あった。,,
誰かが爲さねばならぬことを、彼等が最もよくなし得られしことは、甚だよしと思ひて、かの衆生等が持てる、財産の盡きざることに,度度,歡喜を生すべし。,,
　保護基準は，生活保護制,度度,によって保障される「健康で文化的な最低限度の生活水準」を具体的に示すとともに，個々の世帯が保護を必要とするか否かを判定し，更に保護が必要とされた場合にどの程度の保護を行うかを決める尺度となるものである。,,
,度度,々初心者なので省略せず詳しくお願いします。,,
大和名所、難波、攝津名所、陸奥名所、山城、河内名所、播磨名所を各の間に配分するについても、,度度,追加や取消があり、最終的には、そして結果的には、後の名所百首題の約半数に縮小された形となつた。,,
不安になって、俺の仕事にどんな意味があるのか、と編集長を問い詰めると返ってきた答は「君の仕事も、,ついでに,君の命ももう必要ないって段になったら、そのときすべてわかる…」。,,
,ついでに,付け加えれば、ラスカルスズカだから、名前も７文字。,,
,ついでに,いえば、アメリカも、日本でＢＳＥが発生した〇一年九月、すぐに日本からの牛肉や牛エキスなどを使った製品の輸入を止めました。,,
今日もサイン会の,ついでに,古本屋を何軒か覗いてみたんですがだめでした。,,
それで持てあまし,序でに,酒でも一ぱい引っかけて来ることにして、釣道具を持って東洋亭の方へ引返した。,,
それでも、十分に同情を寄せ、訴えを起こすという意見にも賛意を示す手紙を書き、,序でに,大いにその自尊心をくすぐるように世辞を連ねて装飾画の件は是非ともよろしく頼むと忘れずに認めておいた。,,
ループを取り付ける為にネジを外したので、,序でに,ヤグラと軽合ベースの間に１ｍｍ程度の厚さのアルミ小片を挟み込んでみました。,,
また、一人で一杯出来る居酒屋さんとかも,序でに,教えていただけると幸いです。,,
　この年、,ついに,、細々と雲南で生き長らえていた明国が、ついに完全に息絶えたのだ。,,
　このように稲田宮をつかさどる王を決めて、天之冬衣は,ついに,、彼自身の根源の国を仕上げ発足させましたが、全てを終えて、ついに死者の国におもむきました（［天之冬衣の系図］参照）。,,
　というわけで、ほんじょはこの夏,ついに,ついに、あこがれていた〈シソのスープ〉に巡り逢えたのだった。,,
,ついに,ついに！！,,
駆けつけてくれた近所の医師は、,遂に,がんが肝臓に来たから、もはや入院する以外に道は無い、と告げた。,,
その死のために言わば小浪が漠然としてではあるが探し求めていた死の境を,遂に,見出した充足の気分を味わった。,,
　その年の秋、,遂に,利家と内蔵助が国持ち大名になった。,,
三段に構えた鉄砲隊は、入れ替わり立ち替わり鉄砲を撃ちかけ、,遂に,武田軍は敗走した。,,
　ヤレ芝居道楽の色狂い、舞台の立役に横恋慕、金に飽かして搦め捕り、躰に飽かして溺れさせ、,終に,寝盗ったのじゃという噂。,,
而して其の生涯は大に伝ふべき者なり、君は本と木曽福島の産、村学の代用教員なりしも、齢四十に及んで志を起し、中等教員検定試験に合格し、進んで第一高等学校に入り、,終に,帝大を卒業せるは実に五十歳前後の事ならん。,,
源信は使いの者と急ぎに急いで郷に帰り、辛うじて母の臨,終に,間に合いました。,,
祖父の臨,終に,まで至る母と祖父との情事を。,,
批評とは,竟に,己れの懐疑的な夢を語る事ではないか、己れの夢を懐疑的に語る事ではないか！」,,
批評とは,竟に,己れの夢を懐疑的に語る事ではないのか！,,
彼において最高く評価せられた二枚目としての株が、,竟に,こうした特殊な才能を閑却させた事が思わずにはいられない。,,
たとえば『万朝報』は電車を破壊する行為自体は「罪悪」だと述べ、このような暴力行為は「,竟に,心ある者の同情を失ふ」ことになるからやめるべきだと戒めている。,,
　ワトソンがさけぶと,どうじに,、馬車から、ホームズにへんそうした、モリアーティ教授があらわれました。,,
　雨あがりと　,どうじに,、空から、日が　さしはじめました。,,
恩をうけながら、,どうじに,その制度の悪口をいっている。,,
,どうじに,声をあげました。,,
,同時に,学生たちも気づいたとみえて、ほとんど同時に口をきった。,,
　出るやいなや艦橋のハッチを開き、艦長以下見張員などが艦橋に上がるが、,同時に,低圧空気ポンプを起動して高圧空気を低圧空気にきりかえ、同時にディーゼルを起動して水上航走の状態にする。,,
ただし，しょうゆ，みそ，みりんのように，塩味や甘味と,同時に,うま味を持つものや，日本酒やワインのように，嗜好飲料であると同時に風味調味料としての役割を持つものもある。,,
　神話の時代という意味は、秩序（コスモス）を求める知があると,同時に,、カオス〈混沌〉がパワーを持っているということであり、普遍性とか、総合、統合という理念があると同時に、多様性ということも、ひじょうに大事にされた時代ということです。,,
鬱蒼（うっそう）とした大樹、岩肌まるだしの絶崖（ぜつがい）、,とうとう,と流れる吉野川の調和はまことにすばらしく、その仙境風景は他をよせつけない美しさだ。,,
　姑がテレビ出演などで家にいない時間が多かったこともあって私が祖母の面倒を見ていましたが、,とうとう,病院のお世話になることになってしまいました。,,
　歴史教科書問題が、,とうとう,子どもたちを巻き込んで、厳しい展開を見せてきた。,,
「やった、,とうとう,壊れやがった！」,,
　厳光（子陵）は帝の少時の学友で、其の人物を敬愛措かなかった帝は、頻に彼を諫議太夫に挙げようと熱望したが、,到頭,固辞して起たず、浙江の富春山中に耕釣して終った。,,
　その間の主要な事柄を記すならば、新美は二年ほど前、,到頭,撮影所をやめた。,,
而して突嗟の間に工夫を案出して、人夫数十人を徴発して、『浅間』を港の浅瀬へ片寄せさせ、之を取り囲んで数千本の杭を打ち、杭と杭の間に土俵を詰込んで,到頭,ドックの形を為した堤防を作製した。,,
私を日頃から伯父同様に慕っているので、何も彼も打ちあけた民之助様の話によると、信心深い民之助様は父御の生前から、こっそり通っていられた立山裏のドウトノサンタ寺院、あの御堂にいる若い阿蘭陀尼僧と割ない仲になって、今日と云う今日までは毎日のように媾曳をつづけていたのが、,到頭,今日になって不意に露見したと云うのだ」,,
そこで、下人は、何をおいてもさしあたり明日の暮らしを,どうにか,しようとして―いわばどうにもならないことを、どうにかしようとして、とりとめもない考えをたどりながら、さっきから朱雀大路に降る雨の音を、聞くともなく聞いていたのである。,,
派遣会社に相談しても結局その人を,どうにか,できることはないし、今更注意してどうにかなる歳でもないと思います。,,
ふりかえってみると、十五歳で,どうにか,自覚ができて、三十歳でどうにか一人前の仕事ができるようになったと思います。,,
知らないことを,どうにか,してくれと言われるのは心外だ。,,
　私たちは、イエスと,ともに,歩むことによって、イエスが誰のために苦しんでいるのかを知り、それらの人たちと、ともに泣き、ともに感じ、ともに行動し、ともに生き、ともに前進することができる。,,
　私たちは、このイエスの深い悲しみを、イエスと,ともに,感じ、イエスの苦しみをイエスとともに苦しむことによって、イエスとともに歩むことが、そして神とともに歩むことが可能になる。,,
帝たる者は己れより優れた師と,ともに,おり、王たる者は己れと対等の友とともにおり、覇者たる者は己れより劣る臣とともにおり、亡国の王たる者は己れの手足同然の奴僕とともにおる」ということらしい。,,
　私たちがもし、今日の世界において、イエスと,ともに,喜び、ともに悲しみ、ともに行動しようとするなら、イエスが、何を喜び、悲しみ、苦しんでいるのかを知らなければならない。,,
〔彼岸に〕いたった人が、〔彼岸に〕いたった人々と,共に,、自由を得た人が、自由を得た人々と共に、〔すなわち〕金環のように黄金色の世尊が、前にほら貝結びの行者であった人々と共に、ラージャガハにはいられる。,,
しょせんは,倶に,天をいただかざる奴。,,
普化禅師登天の座像（長さ一尺五分木質不明）並びに開山金先禅師の座像（長さ二寸五分木質不明）を安置したり、また開山の禅師が所有なりといひ伝へし尺八小鳥、喜国、雷神と名付し者を本山の什物として秘蔵しけるが、慶応年間火災に罹りて開山伝来の袈裟、住職吹笛の画像と,倶に,烏有に帰したり。,,
門人に梅田雲濱、有馬新七あり、雲濱は戊午の黨獄に死し、新七は伏見寺田屋の變に斃れ、,倶に,勤王を以て顯はる。,,
,はんたいに,、いくら大学に行っても、学校の先生ばかりを先生だと思っているような人は、どうしてもえらい人にはなれません。,,
,はんたいに,広雄は湯気のたつ飯茶わんをまえにして、じっと考えこんだりするのだ。,,
気もちとは　,はんたいに,、ちょっと　いじわるしてみたくなる　やつ。,,
　さっきお話した田畑をひらく開墾のしごとも、けっきょくは土地の人たちの,はんたいに,あいまして、失敗に終わりましたから、心の痛手は大きかったんでしょうね。,,
その意味で死刑反対だという論理を伸ばせば戦争,反対に,なるし、戦争反対の論理を伸ばしていけば死刑反対になると思うんです。,,
プッシュバックの方向が反対なら、ＩＮＳのプラットフォームが受けた力（加速度）の方向も,反対に,なり、それによって生じたプラットフォームの傾き方も反対になる。,,
したがって，市場占有率に比べ卸売金額占有率が下回る場合は，実際の販売金額（価格）水準はその他の産地に比べ低い品目であり，,反対に,市場占有率に比べ卸売金額占有率が上回る場合は，反対になる。,,
たとえばこのとき、土堤が手に余る大きさだったり、,反対に,小さかったり、骨が手のひらに当たったりする女性は、その人にとってはあげまんではありません。,,
開け放たれた教会の扉ごしに、居合わせた人々の,ひそひそ,声と足踏みする馬のいななきだけが聞こえてくる。,,
あちこちで、,ひそひそ,話が聞こえている。,,
　学校や近所に好奇の目で見られるのも、,ひそひそ,噂されるのも！,,
,ひそひそ,と一人の隊士が仲間にぼやいた。,,
　大宇宙の神の大生命から流れてきている一筋一筋のいのちが私達人間の,一人ひとり,のいのちとなって働いています。,,
一人ひとり、そして生徒みんなが、自分にとって必要な本を見つけることができるところ、それをあらかじめ準備しておくところ、それが生徒にとっての図書館、つまり学校図書館だというのです。,一人ひとり,、そして生徒みんなが、自分にとって必要な本を見つけることができるところ、それをあらかじめ準備しておくところ、それが生徒にとっての図書館、つまり学校図書館だというのです。,,
成績でクラス分けをしたらそうなったのかもしれないが、しかし,一人ひとり,は決して同じではないし、同じだと思ってはいけない、と痛感したのでした。,,
単に皮膚だけを見るのではなく、食事、精神面、生活習慣など、多方面から肌の健康を考え、患者,一人ひとり,に合ったケアをしてくれると評判。,,
「施設に働くものにとって大事なことは、,一人一人,を大事にすること、そして、その一人一人が大事にされていると感じることが必要です」。,,
弟子たちを眺めて、,一人一人,の個性を見抜き、一人一人の殻を破るのを手伝う。,,
　ダム建設計画発表以来、村はどう変わったか、人々の意識はどのように変化したか、渦中にあった者の三十五年間を、村民,一人一人,を訪ねて聞き、「五木日記」のタイトルで熊本日日新聞に連載された。,,
さらなる集中力が求められ、藤井主将は「,一人一人,が自分を引っ張るという気持ちで臨みたい」と気を引き締める。,,
ネズミなどにみつからずに，,ぶじに,冬をこせるでしょうか。,,
「こんなとこまでノコノコやってきて、,ぶじに,すむと思ってるんじゃないでしょうね。」,,
　それはともかく、雪舟ののった大内船は、玄界灘をこえ、五島列島にそって順調にすすんでいき、東シナ海をわたって、博多をでてから十日ほどで,ぶじに,寧波につきました。,,
　「急ぎはしませんが、そのかわり,ぶじに,江戸に帰って、お役目を果たしたことだけは自分の口でちゃんと伝えなければなりません。,,
そのまま分娩室へ運ばれた彼女は、医師も驚くほどの執念で、,無事に,男児を出産したのだった。,,
　その後は夕方５時くらいまで横になってて、看護婦さんに『手術は,無事に,すんで、先生と問診して問題なければ帰宅です』と告げられました」,,
ぼくは、,無事に,帰ってくるさ」,,
途上の検問すら,無事に,切り抜けられなかったはずだ。,,
冷えを改善するには、やはり,ふだん,からカラダを冷やさないファッションをすることが大切。,,
と、話を前に戻す治平に、養安は小さく頷いて見せてから、,ふだん,と同じ柔和な表情に戻って続けた。,,
ふだん、そこはがらんとしているが、市のたつ日になると、農夫や商人がいくつも露店をならべた。,ふだん,、そこはがらんとしているが、市のたつ日になると、農夫や商人がいくつも露店をならべた。,,
,ふだん,は夜中の十二時から仕事にとりかかる。,,
　ただし、弦長が長い分やはりぼくにとっては少しは弾きにくいので、これは,普段,の練習ではあまり感じないんだけど、緊張する本番ではその点普段通りには弾けないことがあるかも（＾＿＾；）。,,
普段は彼にうまく甘えることの出来ない自分なのだけれど、普段からそうだと甘えるのって難しくないですか？,普段,は彼にうまく甘えることの出来ない自分なのだけれど、普段からそうだと甘えるのって難しくないですか？,,
ちぢみは夏の明るい日（お昼頃まで）に着る,普段,着で、夕方以降に着る普段着がゆかたになると聞いてます。,,
兄がうつ病で、私は,普段,は平気なのですが、たまにどうしょうもないくらい気分が落ち込んで、何日かすると普段どうりに戻ります。,,
たぶん、息子に似て人権とか環境については,ぺらぺら,喋りたがるが、華人の本質が何なのかの自覚はないだろう。,,
　やつらのために銀の器を見つけてやっただけじゃない、インガ・リーに鉛の器のことを,ぺらぺら,しゃべっちゃった！」,,
「要は,ぺらぺら,話すこと。,,
最初は言葉もろくに出なかったくせに、今度はやたらに,ぺらぺら,しゃべっている。,,
　半分,ほんきで,言ったのに、岳は横目でわたしを見て、小バカにしたように鼻をならした。,,
　そのことを父からきかされた母は、常識がないだの、いつもいつも思いつきで動くだの、さんざん文句をいったあげく、その子が警察に通報するにちがいないと、,ほんきで,心配した。,,
お父さんが,本気で,投げて、あいつも本気で打ってきたら、もう立派なライバルになるんだぞ」,,
　上野千鶴子や、上野に,本気で,帰依したフェミニストたちは、おおむねアタマのいい人たちでしたから、アタマのいい分おせっかいなのは世の常、もしかしたらこの「男社会」に対して「革命」を起こそうと、本気で思っていたのかもしれません。,,
現に、悠太ちゃんの捜査を敬助にやめさせると言明してたのなんか、,本気で,気遣いし、本気で敬助を動かそうとしてると思う。,,
　これに対するうまい方法は、,本気で,腹を立てたり本気で謝ったりしないことである。,,
俗悪な戦塵にまみれながらも、キリシタン信仰と信念を一途に守り、清廉に、,前向きに,生き抜いた老将は、オルガンティノから臨終の秘跡を受け、右近に後事を託して亡くなった。,,
　「最近、会ってくれないよね」と思うなら、,前向きに,解決するためには「もっと会えばいい」わけですから、「ねー、もっとデートしようよー」,,
　胴体はあわてて首を回し、,前向きに,直しました。,,
　かなり,前向きに,練習に取り組んでいましたよ,,
,もともと,、第二次世界大戦後、安定した国際経済体制を築くため、金融面の柱である国際通貨基金（ＩＭＦ）、世界銀行と並んで貿易面の柱どなるべき国際貿易機関（ＩＴＯ）を設立する構想があり、ガットに定められるルールは、もともとＩＴＯ憲章の一部を構成するものであった。,,
,もともと,古い詩偈があり、もともと古い民間説話があり、後代の仏教徒が両者を結び付けて布教の手段として取り入れたものや、創作もあるであろうとも言われております。,,
　しかし、,もともと,、初期の仏教教団では、教えの中心は「涅槃（ニルヴァーナ）」に達することでしたが、在家の信者に対しては、主として「生天」の教えが説かれました。,,
　天とは、梵語の「デーヴァ」の訳語で、,もともと,は「輝くもの」ということですが、天上の世界の神の意味になりました。,,
リレーのコネクターに,元々,サビがあって、それが一夜の雨でさらにひどくなってダメになる場合もある（昨日はかかったのにとか、洗車前はかかったのになんてね）。,,
きっと古径の作品は,元々,とてもドラマティックなんですよ」,,
　六十席あるこの店は、,元々,は陶芸店で、土地建物を安く購入し、内装を一新。,,
　直前のドタバタはいかにもアジアらしいけど、僕もアジアナンバーワンが決まる大一番なのだから,元々,の規定どおり、アンマンでなく、ジェッダにあるアル・イテハドの本拠地プリンス・アブドラー・アル・ファイサルスタジアムで開催されるべきだと思っていた。,,
　見ていると、,冷静に,引き上げ、冷静に手網をあてがい、冷静にバケツにタコをあけている。,,
　高寒は,冷静に,メスを使って切っていった、冷静に内臓を出した。,,
しかし、,冷静に,考えてみれば、夫は浮気などできる性格ではなく、仕事のない日はショッピングでも外食でも、ちゃんと人並みのサービスをしてくれるのですから、嫌われているわけでもなかったのです。,,
　聖の肩の上に乗っかったオサキに目をとめて、弓生は,冷静に,たずねた。,,
　店長ははあ、と横を向いて,わざと,らしくため息をつき、,,
　ああ、いやだなあ、いやだいやだと、客がいなくなるたび店長は,わざと,らしく言い続けた。,,
　個性的、でも,わざと,らしくない色落ち具合がお気に入り,,
　峠を下りはじめてからふと思い立ち、山道を,わざと,左側にそれて、獣道のようなところを通って下りていきました。,,
　こうしたジャズ喫茶も、レコード、ＣＤが一般に普及するにつれて、名盤が常にリリースされる状,態と,なり、輸入レコードも容易に手に入る状態となる中で、一挙に衰退してしまった。,,
国民は，自ら要介護状,態と,なることを予防するため，加齢に伴って生じる心身の変化を自覚して常に健康の保持増進に努めるとともに，要介護状態となった場合においても，進んでリハビリテーションそのほかの適切な保健医療サービス，福祉サービスを利用することにより，その有する能力の維持向上に努めなければならない．,,
　今このままではすまされない不安定な現状（これを初期状,態と,いう）にあるが，目標に達すれば解決できると期待されるとき（この望ましい状態を目標状態という），その目標に達する手段や方法を見いだすための認知活動が生じる。,,
　しかしながら現実問題として大都市周辺等においては四十名に近い学級が数多く存在し，最近の子どもたちの実,態と,も相まって，教科の指導や生活指導等がしにくい状態となってきていることは事実である。,,
たいてい、マスコミは好意的に報道してくれるが、個人的には,ちっとも,いいことだと思わない。,,
そういえば、いつだったか、デ・ニーロがニューヨークにある歴史的なジャズ・クラブ“ミントンズ・プレイハウス”跡地を買い取り、改装して再オープンさせるという記事を雑誌で読んだことがあるが、あれから十年が経つのに,ちっとも,開店の話をきかない。,,
でも父はあの時、,ちっとも,嬉しそうな顔をしなかった。,,
私にとって何よりありがたい環境であったが、家内もホッとしたようで、「実は東工大のとき、,ちっとも,帰って来ないから、あなたは浮気してるんじゃないかと思ってました」と打ち明けてくれ、二人して笑い合ったものである。,,
おじさんも、もし自分がそんな発見をすることが,できたら,、世界の人類の将来を左右するような発見ができたら、嬉しいだろうなと思うよ。,,
　そこで私は、もしあなたの国でゴルフ場が,できたら,、私を名誉会員で、タダでプレーさせてくれるでしょうね、と、あんまり上品でないことをいったら先方は、もちろんです、ゴルフ場がわが国にできたらあなたは名誉会員第一号ですよ、といって笑い話をしたことであった。,,
,できたら,今まで知らない世界を体験することができたら、それ自体が旅となるのだ。,,
　もしこのとき、この先生がもう少し心を落ち着かせることが,できたら,、自分の感情をおさえることができたら、逆のことが考えられたのかもしれないのです。,,
　形が,出来たら,、好みのトッピング（上飾り）を。,,
お花見の時期に堀江公園前の［カフェ・モード］にてタタミスピーカーのお披露目会が「,出来たら,いいな」と企画中。,,
　「咲夜さ、,出来たら,でいいから、空野さんをエツコさんのお店につれてってあげなよ」,,
一年で士官に任命される者が、四年以上かけて士官になる者と、同じ軍事動作が,出来たら,、兵学校の値打ちが疑われるぞ、と言ってやりたかったが我慢した。,,
そうすると私は、自分がいずれにしても,どんなに,健全であるか、私がどんなに彼らの神経にさわる存在であるか、どんなに彼らを興奮させ、どんなに狼狽させているか、つまり私の発言で、彼らが彼らにとって危険なものである思考、精神、嘲笑、想像などへの大きな誘惑を感じとっているにちがいない、ということなどがわかるのだ。,,
どんなに想像力豊かで、どんなに魅力的で、世間一般の男とどんなにちがっているか。,どんなに,想像力豊かで、どんなに魅力的で、世間一般の男とどんなにちがっているか。,,
,どんなに,きみを必要としているか、どんなにきみを愛しているか、これ以上どうすれば理解してもらえるのか、もうわからない,,
　人類が,どんなに,長くつらい戦いを生き延びたとしても、種としてどんなに多くのことを学んだとしても、そして、自分たちが生み出した小さな天国と大きな地獄を山ほど経験したとしても、人類の技術力は、常に自らの理解を超えたものを作り出してしまうようだ。,,
「何の話,なんだか,、何のことなんだか、ユリちゃんぜーんぜん、わかんなーい」,,
　痛み,なんだか,熱なんだか。,,
夢は見,なんだか,、ほうか、見なんだか,,
,なんだか,んだ言っても、二人セットなんだから。,,
,何だか,ビデオ屋さんみたいでしょ」と白石太一郎所長（二十七）。,,
コミックソング「スーダラ節」のフレーズと,何だか,語感か似ている「ズーランダー」。,,
何だかわけが分からない、だけど好き。,何だか,わけが分からない、だけど好き。,,
何だか、母親みたいな存在でした。,何だか,、母親みたいな存在でした。,,
　井戸掘職人に支払う銀子が底をつくと、彼らは引きあげて、,ひとりも,いなくなった。,,
近所でわたしより速く走ったり、わたしよりすごいいたずらができる子供は,ひとりも,いなかったわ」,,
引っ越してきたばかりでまだ使用人は,ひとりも,おらず、屋敷内にいた人間はこの夫婦だけだったのですから…。,,
「うちの店の女の子で、ついてない子は,ひとりも,いないよ」,,
　その後の反省会で、大塚さんは「内定を出せる人は,一人も,いません」。,,
二回以降は打者を,一人も,得点圏に進ませなかった。,,
最下位の共産党は二千二万円で、所得増の議員は,一人も,いなかった。,,
自民党執行部の,一人も,「そんなことを言うはずがない」と驚きを隠さなかった。,,
,べつに,雨の日の割引じゃなくても、誕生日が今月ある人は一割引きとか、クルマのナンバーが奇数の人は二割引きとかでもいい。,,
そんな事情は耳に入っているのだろうが、園長は,べつに,非難の色はみせなかった。,,
　それがどれほどの金額だったのか、正確なことはわからないが、青盛文書には,べつに,、『上京日誌』があって、「同村人民移転ニ困難ナルヲ以」、郡長ともども上京し、手当ての増額を陳情にまわったことがうかがえる。,,
　作家は,べつに,クラリテが大事じゃないけど、ヘミングウェイみたいな人もおるからね。,,
　個々にはもの,すごく,優秀で、潜在能力はすごく高いのに、なぜか組織の中に入ると、トーンダウンしたり、すごくいい子になってしまったり。,,
　「今回は自分で詞を書くことによって、,すごく,曲の世界に入りやすかったし、詞を書く段階で曲をいっぱい聴いていたので、すごく歌いやすかったです」,,
綾さん、,すごく,はしゃいでて…見てるだけだったのにすごく疲れちゃったみたい」,,
もしかしたら、「ダイイング・ブリード」というバンド名は、ネイティヴ・スピーカーにとって、,すごく,ダサい名前なのかもしれないんですけど、すくなくとも僕が意味を調べたかぎりでは、「すごくいいなあ」と思えたので。,,
凄く上手になりますよ。,凄く,上手になりますよ。,,
７番アイアンで練習してたら、いざ本番というときに７番アイアン持ったらもの,凄く,安心感があるでしょ。,,
全体のバランスが、,凄く,よくわかる。,,
つまり、資料を自分の疑似体験にするというのは物,凄く,大切なことで、広い意味で歴史を書こうと思った時には、忘れてはいけないことです。,,
国家は子守唄の,かわりに,、金をかざしてくる。,,
「今の学問水準、蓄積データでは、とても地震予知はできないことを認めよう」「,かわりに,、全国の活断層を調査し、長期予測を取りまとめ、公表していこう」―。,,
　僕は答える,かわりに,微笑を浮かべ、このやはりの使い道は吉住吾郎とくらべれば段違いにまともだと思った。,,
「作品賞と監督賞は別の人にあげてしまったけど、,かわりに,せめて、という審査員の思惑があったのでは？」,,
この事例においては、喪主（故人の嗣子）の妻のキョーダイ六人（姉妹四人の,代わりに,姉妹の夫四人を含む）が一人千円ずつ出し、連名で故人の子六人（娘二人の代わりに女婿二人を含み、嗣子を除く）宛に、「兄弟御一同様」と上書きした香典を出した。,,
　「キョーダイ宛香典」の与え手となるのは、故人のキョーダイ（姉妹の,代わりに,姉妹の夫を含む、故人の子から見ればオジ）一同や、喪主の妻のキョーダイ（姉妹の代わりに姉妹の夫を含む）一同など、親族や姻戚のひとまとまりのキョーダイである。,,
西ドイツについては名目法人所得（配当控除後）の,代わりに,，営業及び財産所得，名目個人所得の代わりに雇用者所得を使用。,,
黒板の,代わりに,花の写真が、学習机の代わりに広々とした木製のダイニングテーブルが並べられた和やかな空間で楽しい時間が始まった。,,
　大戦後、「ダダイズム的間奏曲」のあいだ、彼はグロッス＝ハートフィールド・コラージュのため、石膏の,代りに,貼り紙、古風な鉛版や手刷り小物の代りに新聞や内容見本の断片を用い、そのなかにはしばしば写真の断片もあった。,,
　この方式がほとんど不可能であるので、,代りに,普通の光とは異なって、高密度、高収束性、そして位相の揃い易いレーザー光を砲弾の代りに用いようとするシステムがある。,,
その真の敵に対し団結し戦う,代りに,、何かの生れ変りがやってきて代りに戦ってくれるのを待っている」,,
鷗外がその気になりさえすれば前半生において「議論」の,代りに,「著作」ができ、後半生において「著作」の代りに「議論」ができた等ということはありえまい。,,
同種（同符号）の電荷は,たがいに,反発しあい，異種（異符号）の電荷はたがいに引きよせあう。,,
公理四　,たがいに,一致するものはたがいに等しい。,,
タコの触手は,たがいに,押しのけあうし，人形の髪の毛が逆立ちしたのも，それらがたがいに押しのけあうからである．,,
　しかし、そう説きながら、ふたたび超一房とともに遊行してきて、,たがいに,男女の愛念を捨てきれているであろうか。,,
　一宗一派,互いに,嫉み、互いに争うは道にあらざるなり。,,
　真の平和は、お,互いに,自制し、お互いに譲り、　敬い、愛し、たのしみ、導き、助け合う、という美しい気持ちが、家庭々人にもたれているこ　とが、何よりの先決なんです。,,
　「真の平和とは、お,互いに,克己し、お互い自制し、　お互いに譲り、敬い、導き、助け合う、美しい気持ちが、家庭の人何よりの先決」。,,
,互いに,好きになって付き合う事は互いに相手を束縛する事です,,
それで、「事実について書かれた本」と答えた人に、,ちょくせつ,しつもんして、本のないようをきいてみました。,,
　かけ声をかけながら樽からすいかを持ちあげ、掃きだし窓から,ちょくせつ,居間に入って、台所にかかえていった。,,
おじいさんはね、むすこさんの口から、,ちょくせつ,ききたいのよ。,,
　それはどうぞ,ちょくせつ,その目で見てください。,,
事前原価計算では、この,直接,費のなかで、直接材料費、直接経費を「材料費」に、直接労務費と間接費、つまり間接材料費、間接労務費、間接経費を「加工費」に分類することになります。,,
　単位組合にあっては、組合員の,直接,無記名投票により選挙されること、連合体である労働組合・全国的規模を有する労働組合にあっては、単位労働組合の組合員又はその組合員の直接無記名投票により選挙された代議員の直接無記名投票により選挙される旨（間接選挙）定めること。,,
その成果はすでに,直接,公選制によっていた都道府県会や市町村会の議員の選出にあわせて、官選であった都道府県知事の直接公選制を採用し、いわゆる完全自治体化を行ったことや市町村長の直接公選制の導入に集約された。,,
しかし，八十年度の対内,直接,投資額は３億ドルで国内民間総固定資本形成に対する比率は０．１２％であり，八十一年３月末の対内直接投資累計額約三十億ドルは，海外直接投資累計額の８％に過ぎない。,,
裁判官は,つい,うっかり笑ってしまった。,,
甘い物には,つい,手が出てしまう。,,
私が彼を訪ねたのは、,つい,昨日のことだ。,,
２０％増量って書いていると,つい,手が出ない？,,
,のちほど,わたくしが訊いてまいりますゆえ、三田村さまは釜山の町中でもご見物なされてはいかがで。,,
　したがって、喜助も必然的にそれら島々のうちのどこかに送られていったということになるのだが、その詳細については,のちほど,説明する。,,
であるので、この現象は潜る深度が深くなればなるほど著明になるが、これは,のちほど,述べる深々度への素潜りによって、より明らかに示されている。,,
それでは、,のちほど,、おとどけに…は？,,
その詳しい説明は,後ほど,するとして、これまで発売した枚数と、どのような割り当てになっているか、をおさらいしてみよう。,,
実はここに書いたこと以外に重要な効能があるのですが、話が面倒になるので、それはまた,後ほど,説明しましょう。,,
きものは状態のよいものも多く「まずは着て、その,後ほど,いて小物に」と使い尽くす上級者も。,,
これも詳細は,後ほど,。,,
後程ご説明致しますから、まず常信様のお話を続けてくださいませんか」,後程,ご説明致しますから、まず常信様のお話を続けてくださいませんか」,,
事件発生,後程,なく逮捕された刺客四人の口供書には、いずれも、,,
　したがって、これが本格上昇に転じるための要件は、五千八百円からの下落がもっと深い下げとなり、株価が「数年後の基礎価値」程度になるか、または業績が飛躍的に向上し、１株利益の急激な増加によって先に述べた四十年後が、せめて十年,後程,度に短縮されることが必要である。,,
訪問返信は,後程,に。,,
　やっぱり,ふつうに,暮らすには、秩序やしきたりを重んじなきゃ。,,
　そして、人間はそうした魚類や貝を,ふつうに,食べているのです。,,
当時の日本にも、しかなどの肉を売る店があったが、,ふつうに,食べるものではなかった。,,
論理パズルでなければ、それが,ふつうに,妥当な想定だろう。,,
,普通に,生きて普通に宮仕えをしていれば、普通に俸禄が貰えて普通に天寿を全うできるんですよ。,,
友だちもそこそこいて、学校に行くのに何の不便も感じてなくて、毎日,普通に,登校して普通に授業受けて普通に友だちとおしゃべりしてられる、そんな中学生たちが、それが出来なくなりそうだった彼女にとっては、ものすごく威圧感のある敵だったんじゃないかな」,,
予選で追い風参考ながら十秒５３でトップ通過して「気分が楽に」なり、決勝は「,普通に,走って普通に終わった」。,,
外国人は,普通に,車を運転し、普通にデイキャンプを楽しんでいた,,
フロート管とバルブを,べつべつに,購入し，接続して利用するほうがはるかに安価ではあるが，十〜五十ｃｍ３ｍｉｎ一程度の流量を安定に調整できるニードルバルブはあまりいいものがなく，また，あっても高価であるため，結局のところマスフローコントローラつき流量計のほうが安上がりになる．,,
　しかしながら言語ではなにもかも消極的だというのは、所記と能記とを,べつべつに,取ったときにのみいいうることであって、記号をぜんたいとして考察するやいなや、その秩序のうちに、ある積極的なものが見えてくる。,,
二つの関係を,べつべつに,見ていくことにします。,,
でも、いつも、,べつべつに,　ホテルに　やってきます。,,
第一、あんたと私たちは、あくまで、,別々に,入って、別々に出て行くんだから、あんたが、ひやひやすることは何もないのさ」,,
大事には至らなかったが、夜、寝室を,別々に,していた雅美（風吹ジュン）が怖くて眠れないと言って勝利のもとへやって来る。,,
二つ折り式の携帯電話の主画面と副画面で,別々に,必要だったバックライトが、一枚で済むようになり、携帯電話も薄くできるという。,,
「プラスチックと紙は,別々に,まとめて」と、具体的に説明した。,,
,ますます,多くの顔があり、ますます多くの色があり、ますます多くのヴァラエティがあった。,,
苦しかった息が治まってくるにしたがって、胸のなかのつらさは,ますます,ふくらみ、ますます泣けてくる。,,
すなわち、結果、陰は,ますます,陰に、陽はますます陽となるコトワリなのです。,,
かれの不正行為は、著者から著者へと,ますます,「増幅」され、かれはますます非好意的に描かれるようになった。,,
,益々,遅れるわけであるから、益々問題となるような感じもあるが、しかしメリットもある。,,
近い将来デパート業は飽和状態に達するとともに、「強者は,益々,強く、弱者は益々弱くなる」困難な時代に入ると同時に、大型チェーン式のレジャー式デパートが既に主流となってきている。,,
感性に在る異いであり、日本語でしか通用しない言葉だが、ドイツ・ロマンティケルが内面の世界に入るにつれ,益々,「観念的」になる時に、フランスのサンボリスト達は益々「感覚的」に展開して行った。,,
また、同作のほかに江口洋介と共演の新作『ギミー・ヘブン』が待機中とあり、,益々,彼女の今後から目が離せない。,,
　そうした家来が,いくら,実力があるからといって、いくら戦争が上手いからといって、いきなり天下を統一すると言っても誰もついてくるものではない。,,
（４日）と前言を撤回する醜態を演じると、「祐介、四十代、労働者」を名乗る男性は「,いくら,がんばってみても、また一部の同志が『党の体質改善』を叫んでみても、よりわかりやすい綱領に改正してみても、しんぶん赤旗をいくら増やしても、こうした世間から遊離しているばかばかしく非常識な変人奇人集団に政権を託そうなどと考える人は少ない」と投稿。,,
　解決することの困難な問題に立ち向うとき，,いくら,焦眉の問題であっても，いわゆる従来の考え方による応用研究にのみ終始していたのでは，いくら計画研究・大プロジェクト方式を重ねても成果ははかばかしくはなかろう．,,
建築完成時の見た目はきれいでも、,いくら,最初のコストは低くても、メンテナンスが容易に美しくできないものは、長い目で見るとかえって高いものになってしまうのです。,,
,けっきょく,、ぼくは自分が注文した曲を聴くまでに、ショスタコヴィッチやベートーベンやバッハを耳にした。,,
とりわけ、「さざ波通信」が「現役党員の運営」と称していることに、「実態は、日本共産党に敵対する立場に立つもの」と一刀両断し、返す刀で「たとえ善意からであっても、,けっきょく,彼らの党攻撃の目的に手を貸すことにならざるをえません」と、〈『赤旗』読者＝党員〉に事実上の投稿禁止を求めたのである。,,
　そうして,けっきょく,似たような人間関係の中で失敗してしまうと、道を失ったと思い込み、どうして良いのか判らなくなってしまう。,,
　「俺、,けっきょく,ぜんぜん大智さんのこと、わかってなくって。,,
そして法なき世界の行動を,結局,は法で正統化していることは前に述べたが、そうしなければ結局は悪を演じられない。,,
でも、新規の電柱からとのことでなんやかんや、昼までかかってしまいその間に、娘達が来てたので,結局,私が一人になれたのは２時でした〜そんなこんなで、結局光の開通のために休んじまった。,,
　２早く保育園にお迎えに行くと朝約束してた日、急遽の仕事が入ってしまい、,結局,早くお迎えに行けず、結局クラスで最後のお迎えになってしまい、娘に、私が「ごめんね〜」と謝ったとき・・・。,,
他に二、三の看守も同様のことを洩らしてくれたので、私は大いに待っていたが、,結局,いつまで待っても何とも申して来ず、結局お流れになった。,,
,たしかに,、そのとおりだ、たしかに。,,
「ずぶぬれて犬ころ」や「夜が淋しくて誰かが笑いはじめた」といった句の孤独感は、,たしかに,屈折した自意識を想像させる,,
,たしかに,セックスを題材にしたものも少なくありません。,,
　たとえば進入時（フロント荷重）は,たしかに,フォークが入りすぎている感じだけれども、旋回中（前後荷重均等）や立ち上がり（リヤ荷重）で問題ないなら、フロントの基本的なサスセッティングは実はＯＫで、他の部分、たとえば今説明したようにリヤサスの伸び側減衰に原因があるんじゃないか、と考えられるわけですね。,,
,たとえ,たとえ決定事項が本人に不利であっても、きちんとした話し合いを実行することによってその実行が伴うという実例,,
その費額も亦これに亜ぐべきものにして、之を廃するの説に至ては、,仮令,い今の禽獣世界、俗世界に於ても、徹頭徹尾行わるべからざるに非ず。,,
,仮令,、どんなことがあったにしても、私は良人を愛していた。,,
,仮令,草を喰み土を嚙り野に伏するとも断じて戦ふところ死中自ら活あるを信ず。,,
,仮令,惚れたんでなくッても、好き勝手で添ったンだろ」,,
判例もまた、中間者（転売人）乙の甲に対する登記請求権を肯認する立場に立ち、「売買ニ因ル所有権移転ノ登記請求権ハ売買ニ因ル所有権移転ノ事実ニ伴ヒ必ス存セサルヘカラサル義務ナレハ買主ハ,縦令,不動産ヲ転売シテ其所有権ヲ喪失シタリトスルモ先ツ自己ノ所有権ノ取得ノ登記ヲ為シテ其取得ヲ完全ナラシメ然ル後転得者ニ対シテ転売ニ因ル所有権移転登記ノ義務ヲ尽スヘキモノニシテ転売ニ因リ自己ノ登記請求権ヲ失フモノニ非ス」と述べている,,
御懇書只今拝読仕候　小生身上御知悉ノ上ニテ御心ニ懸ケサセラレ上院占席ノヿ向〻へ御内話被下候趣難有奉存候　,縦令,成就候トモ邦家ノ為メ何ノ御用ニモ相立マシク慚入候ヘドモ御下命ノ上ハ直ニ御受可申上ハ勿論一層言行ヲ慎ミ御推薦ノ厚宜ニ負候事無之ヤウ可仕候　又成就セストモ御盛宜永ク記念可仕候　敬具　十二月六日　森林太郎　石黒男爵閣下,,
其所で所長伊藤音次郎氏が私に命ずるには、此大惨状を逸早く大阪に急報すべし、,縦令,少し夜に入るとも夫れは十分覚悟し、急ぎに急いで大阪迄是非飛べとの事であります。,,
ちなみに、前者の大正十一年判例は、「業務ノ執行トシテ何等為スベキ事ノ存セザル場合ニ拘ラズ其ノ地位ヲ乱用シテ他人ニ損害ヲ加ヘタルトキノ如キハ、,縦令,外観上ハ法人ノ業務ノ執行ト異ナルコトナシトスルモ是レ全然代表者タル職務行為ニ関スルモノニ非ザ」るものと判示している。,,
上の方もおっしゃってますが、仕事では白黒の印刷がきれいに（,できれば,速く）できれば良いのですが、それに特化した商品は実は高額です。,,
準備が,できれば,年内に訪問したいということだった。,,
「住民のアンケートでも、,できれば,近所付き合いをしたいという人が多かった。,,
妥協,できれば,展望も,,
これが,出来れば,、盧旋風は感性的支持から政治的支持に変わり、初めて当選の可能性が生まれる。,,
新たに基地が,出来れば,、多くの米兵が近くに居住し、それだけ犯罪や事故の危険性が増すからだ。,,
　本当を言えば、他者と何か掛け替えのないものが「共有」,出来れば,、それが一番いいのである。,,
私が自分の信用を捨て切れなかったことなども、倫理的な問題がどうの、ということもあるにはあったが、もし可能ならば己れが借りた金をうまく籠抜け,出来れば,どんなにいいだろう、という、虫のいい考えははっきり私の中に目覚めており、併し私が銭を返し続けたのは、返すことによって己れの自尊心（虚栄心）を満足させたい、安心させたい、ということのみならず、いや、寧ろ私は自分の信用を失うことを、未練にも、ただただ恐れているだけの、臆病者に過ぎないとも思いなされた。,,
…その女の案内で、つい向う路地を入ると、,どこも,吹附けるから、戸を鎖したが、怪しげな行燈の煽って見える、ごたごたした両側の長屋の中に、溝板の広い、格子戸造りで、この一軒だけ二階屋。,,
　五輪まで半年に迫った市内は,どこも,工事中。,,
　キャバレー全盛で、,どこも,生演奏のジャズバンドを雇っていた。,,
なぜかといえば、軍隊の特に下級兵士には給料など払う余裕は,どこも,なく、そのために上級者は戦争に勝ったとき、あるいは他国の都市に進駐したような場合は略奪暴行は見て見ぬふりをするというのが習慣だったからである。,,
　行政機構の効率の悪さ、官僚主義は,何処も,同じはず（日本だって相当ひどいもの）ですが、中国の社会システムに不慣れで、ことばもまだままならないうちの留学生にとって、中国のそれは余計にこたえてしまい、不平もぐっと増幅されてしまうことでしょう。,,
　「鎮西と比べれば涼しいかと思ったが、夏の暑さは,何処も,変わらぬの」,,
,何処も,行くあてが無いときに良くこの路線に乗って車窓を見て、ぼーっとしています。,,
　それまで,まったく,女性にもてなかった山上が、複数の強力なライバルを退けて茜のような上等な女を射止めたとおもっていたのは、実はまったく逆で、山上が彼女の網にすくい取られた獲物ではなかったのか。,,
　平目、障泥烏賊、生の車海老、雲丹の軍艦巻き、蒸し鮑―どれもがとろけるようにやわらかく、魚の臭みも,まったく,なく、生まれてこの方自分が食べてきた寿司とはまったく別種の食べ物であった。,,
　その間のことは，事情を知らない,まったく,の他人から見れば不審なところはないが，本人の記憶にはうっすらとしか残っていないか，あるいはまったく記憶から抜け落ちている場合もある。,,
ＭＢＩ日本語版は，原版と同じように二十二項目から構成され，「,まったく,感じない」から「非常に強く感じる」までの強度と，「まったくない」から「毎日」までの頻度で調査する。,,
,まったく,不可解だよ、まったく分からない」,,
まだ若い僕には、君が僕を恋愛の対象として見ることに,全く,興味が無いのか、それともこのまま力ずくで押していけばそのうち君が僕を恋愛対象として見てくれるようになるのかが全く解りませんでした。,,
ホテルのフロントにも苦情をいうが、フロントのスタッフは、,全く,何がおこったのかわからないとキョトンとした様子で、またスタッフが昼夜いれかわっているようで、全く話にならない。,,
教授陣は誰も、すべての市場で需給が一致し、政府介入の役割が,全く,ないとは信じていなかったが、正しいモデルをつくりだすということが全く教えられなかった。,,
そうした時は、四、五時間、,全く,休みなしで、二百〜三百軸を、次から次に鑑定してゆくのであるが、その様は当時で七十六歳であられた年齢を感じさせない、全く疲れを知らない、という風であった。,,
中学で、,わざわざ,外部から入りたくて数名受験して入ってくる人もいるというのに、わざわざ他の中学を受験するのもどうかと考えるようになった。,,
なので関西のイコカを,わざわざ,買う必要はまったくないですし、まだ持っていないスイカを今回のためにわざわざ買わなくても良いのではないでしょうか。,,
他の人のゴミなのにゴミ箱を,わざわざ,探しにいくのも悲しいものがあるしわざわざ家にもちかえるのも・・・・自分のじゃないということでそこらへんに置くのはまずいですか？,,
しかし、ご両親が,わざわざ,遺言書を書いて、あなたに財産を渡さないと書いたという旨をわざわざあなたに伝えるというのは実際には何か他に言いたいことがあったのではないのでしょうか？,,
嘘を,態々,此処まで言ひに来る訳はない。,,
　米海軍のアーレイバーク級フライトⅡＡや海自の「あたご」型になると、艦橋後部のＳＰＹ１レーダーの搭載レベルを,態々,あげていますし、「ひゅうが」では前艦橋と後艦橋部で分かて搭載しています。,,
態々プリントして送って下さったものです。,態々,プリントして送って下さったものです。,,
デッキ部分に板？を張り終わり隣のクソ五月蝿いばばあの家の為に,態々,特注したスリガラスをはめ込む為の枠を施工中でした。,,
十手をちらつかせて商家をゆすったりするタチの悪い岡っ引きですが、これがケチでひねくれていて、でも実は,けっこう,良いヤツという分かりやすい愛されキャラなので、吉次のファンはけっこう多いはず。,,
　これが韓国八千九百円爆安ツアー海鮮ざんまいとか、,けっこう,盛り上がってしまい、私もギターぶら下げたまんま「おー」とか「うひょー」とかけっこう喜んで。,,
お題目ばかり並べていたいままでの選挙よりも、公共事業や年金問題など、各党の考えの違いがそれなりにわかって、,けっこう,役に立つ。,,
　「むずかしいとこがあるかもしれないけど、俺は,けっこう,好意をもった」,,
女性同士でも５ｃｍ差って,結構,あると感じるから、ヅラの百七十五ｃｍとの５ｃｍ差って結構あるんですよね〜。,,
この二人の１年生コンビは,結構,注目されているみたいで、ネットで検索するとこの試合の記事に結構ヒットするんですよね。,,
風呂は内風呂は,結構,広かったけど露天風呂は後から作ったのか小さめでしたな、でもお湯は結構よかったですわ。,,
味も,結構,気になります・・・自家製って結構まずいでしょ？,,
,だいぶ,前の話だし、このブログでも書いたことあるんだけど、だいぶ前だからもう一回書いてみようっと。,,
昼は会社員のランチが主で、その後は観光客がひっきりなしに入っていたが、,だいぶ,減った。,,
離陸は,だいぶ,遅れたが、十二日の払暁には無事リスボンに着き、昼過ぎにはマドリードにもどっていた。,,
「これまであった商品戦略への不満は,だいぶ,消えた。,,
その下地を踏まえて、彼女の血まみれの手が,いまにも,山上に伸ばされてくるかもしれない。,,
いまにも身をかがめて攻撃体勢をとりそうなくらいぴりぴりしている。,いまにも,身をかがめて攻撃体勢をとりそうなくらいぴりぴりしている。,,
こちらに近づいてきた彼は、,いまにも,わたしにキスしそうに見えたのに。,,
　虹色にきらめくチョウチョは若木にひらひらと近づいて、細くて,いまにも,折れそうな枝にとまった。,,
しかしそれ以上に目に焼き付いているのは、茅葺き屋根が崩壊し梁や柱が見えていたり、屋根が崩れ落ちて,今にも,潰れそうになっていたり、家屋そのものが傾いている廃屋の光景である。,,
さっさと終えないと、ペニスが,今にも,破裂しそうだった。,,
両目の脇には深い皺がきちんと三本ずつ刻み込まれて、まるでまぶしくて,今にも,目を細めようとしているかのような印象を与えていた。,,
　「でも、,今にも,、クジクーン、出かけるぞーって声がかかってくるかもしれないのよ。,,
君の偉大さ―それが、かれらを,いよいよ,有毒にし、いよいよ蠅にせずにはおかぬのだ。,,
,いよいよ,財政赤字解消に向け、家計部門に負担を求める日がやってくるということか。,,
　地引き網の実演や漁船パレードでひとしきり盛り上がった後、,いよいよ,メーンの大杯飲み干し大会。,,
長いブランクを一気に取り戻すかのように、自称「猫屋敷」の物語が,いよいよ,幕を開ける。,,
　「,愈々,わかりませんなぁ。,,
　とうとう兜をぬぐと、祐助さんは,愈々,大きな声で笑い続ける。,,
常に郷党家門の面目を思い、,愈々,奮励してその期待に答ふべし。,,
　明けて昭和二十年二月中旬,愈々,アメリカ軍の攻撃は始まった。,,
あなたが,おさきに,。,,
「,おさきに,」「いかがですか」、そういうちょっとしたひとことの思いやりを、一家の中でも実践できたらほんとうにすばらしい。,,
　一碗のお茶を、右隣の人に「いかがですか」、左隣には「,おさきに,」といって飲む。,,
さよなら　,おさきに,　さようなら,,
編集スタッフが,お先に,チェック！,,
薄茶が出されたら正客に「お相伴いたします」と挨拶、次の客との間に茶碗を置いて「,お先に,」と行の礼を。,,
次の客に「,お先に,」と挨拶し、菓子器を両手で持ち、感謝の気持ちを込めて軽くおしいただく。,,
「じゃ、,お先に,」。,,
　ばん方、,おそく,ておそくてまっくらなるようだから、すみ子えのお母さんは、私のお母さんに「むかいにいったらよいんないが」としんぱいして来た。,,
お父さんがベストラインの仕事をしてからは、四時三十分ごろから夜,おそく,まで一人でるすばんをしたり、とてもさびしい毎日で、日よう日もさいじつも、いつもお父さんはお仕事ばかりして、夜もおそく、やさしいお父さんはいなくなったみたいです。,,
放送作家として「ブロードキャスター」「さんまのスーパーからくりＴＶ」（ＴＢＳ系）、「,おそく,起きた昼は…」（フジテレビ系）などの構成を手がける。,,
いまからでも,おそく,はありません。,,
従って、こちらからの情報提供は夕刊向けには,遅く,とも前日までに、また、翌日の朝刊向けには当日の午前中、遅くとも十四時頃までには済まさなければならない。,,
昼,遅く,起きて、夜遅く帰ってくる生活だった。,,
どんなに時期的に,遅く,なっていても、いまからでも遅くはないと決心して、自発的に勉強を始める人は、その時点で、かなりの遅れを取り戻していると考えてよいでしょう。,,
すなわち，就寝が,遅く,起床も遅く，朝食抜きの生活になりがちである．,,
モーリーンとバクスターは,おたがいに,にじり寄り、さいこの数分間が過ぎるのを待った。,,
私も、,おたがいに,住所を交換するほどの友人ができ、なごりおしく京都を去る日の夕食をともにした。,,
ヘルドボールとは、両チームのプレイヤーがボールに手をしっかりかけて、,おたがいに,ゆずらない状態。,,
,おたがいに,気心は知れてるだろうし、いいんじゃないの？」,,
熊崎顧問は「,お互いに,認識を深めたと思う」と話した。,,
,お互いに,顔の見える関係を続けていきたい」,,
　相手チームとは何回も対戦しているので、先発から抑えまで（手の内が）,お互いに,分かっていた。,,
理由は,お互いに,信頼関係を築くことができなかったということ。,,
遊戯療法を行うには，,きちんと,した理論に基づき，きちんとした治療方針と治療計画を立てて実施することが必要です。,,
問い「昨日から今日の間に、何があったのか」答え「証拠の価値判断をしていた」問い「,きちんと,した決着とは」答え「時効完成はきちんとした決着だ」といったやりとりが続いた。,,
大島本で言えば、大島本を,きちんと,把握したいということになると、これは複製本ではだめだから原本を手に取って、手に取るだけじゃだめだから、ちょうどチャンスがあって、最近のように綴じ糸をほどいて中まできちんと調べるというやり方も一つありましょうし。,,
したがって、一般入札という形だけではなくて、そういった公的機能というものを,きちんと,担保した形での一定の条件付の入札ということだって当然あるべきであって、そうしたことをやはりきちんと検討をして、この独立行政法人を通じた処分の在り方というものが私は確認されていくべきだというふうに考えるわけでありますけれども、この点についての御所見を伺いたいと思います。,,
　この稿では、『東京教育史資料大系』（全九巻）によって、英学をカリキュラムのなかにくわえた藩校と教科書、教員名（不明のばあいが多い）をかかげ、ついで地方および江戸（東京）の英学塾、私、官営の学校における英学教育のあらましをのべ、,さいごに,英学を教えた諸機関を一覧表（維新前後から大正期まで）にしてかかげた。,,
,さいごに,出てきたのが『「超」整理法』でした。,,
しかし,さいごに,ソシュールが〈書かれた語〉をめぐる価値の問題、文学記号の価値について言及したところが問題だった、わたしたちの言語（美）学は、聴き耳をたてたことになる。,,
とうとう,さいごに,は夫婦も業をにやして、ならばそちらが犬ならこちらは猫だと大きな猫をもらってきて、これにはきじ猫だから紀二郎と名前をつけ、あてつけがましくかわいがっていた。,,
,最後に,設定した人が最後に掲載されます。,,
　「藤川にはシーズンの,最後に,大きなプレゼントがあるかも分からんな」,,
現在の皇室には千九百六十五年の秋篠宮さまを,最後に,男性皇族が生まれておらず、将来的な皇位継承を危ぐする声が出ていた。,,
また、,最後に,明らかになる犯人の正体も、実に意外。,,
でも、エイミー・グラント、,さっそく,聞いてみます。,,
掲示板をつけたところ、,さっそく,訪問者があり、「私のサイトにも来てね」と書き込んでありました。,,
,さっそく,ワードの世界の扉を開けて、新しい一歩を踏み出してみましょう。,,
　そして、,さっそく,電話を入れ、話を聞くべくセンター長と会う約束を取り付けた。,,
じしゃくが，,じゆうに,うごくようにする。,,
台と光電池にマジックテープをはって，光の当たりかたを,じゆうに,かえられるようにする。,,
私どもといたしましても、早急に、関係者の方に昨晩,じゆうに,事情も御説明をし、また押収したものにつきましては至急還付したいということで御連絡をさせていただきました。,,
　「本を　読んで　思った　ことを、,じゆうに,　書く」と　わかって　いても、こまって　しまう　ことも　あるね。,,
,自由に,育てたいというのは、自分が自由にしているのと勘違いしてますね。,,
何をどれだけ生産するかは企業が,自由に,決定し，何をどれだけ消費するかは個人が自由に決める。,,
　佐渡で暮らして多少不,自由に,思うのは、車なしには自由にあちこち行けないことだ。,,
　たとえファッションは,自由に,なっても、人間関係も同じように自由になったというわけではない。,,
　このネットパトユニゾンコンビの言うことが、,すっかり,と本当なら、確かに十二支十二匹すっかりどこにも消えてしまっているという具合だった。,,
「なってないじゃないか、ゲンリッヒ・グリゴーリエヴィチ、私にはすでに,すっかり,わかっているんだ（この「すっかりわかっている」という言い方は取調べ官の常套の表現であったが、スターリンもそれを使っていたのだ）、キーロフがジノーヴィエフとカーメネフの指示で殺されたことは。,,
その家には、木ややぶで、ほとんど、,すっかり,おおいかくされていて、窓も門口も、生いしげったキヅタやスイカズラで、すっかりといってよいくらい、ふさがれてしまっていました。,,
２試合目ながら,すっかり,チームになじんでいる様子で「特に緊張したりはしていない」とさらりと話した。,,
　パトカーは、,ぜんぶで,三台停まっていた。,,
　このころ吉原には、,ぜんぶで,百数十軒の遊女屋と揚屋があって、およそ八百人から千人の遊女がいたと言われる。,,
移転するのは、柳町の遊女屋二十六軒,ぜんぶで,ある。,,
昭和十二年に満州に送られて以来、,ぜんぶで,十二年間大陸におったわけです。,,
　福島銀行が安寄りした日に「始値＜終値」の陽線となった日は,全部で,五百三十五回（五十三％）、「始値＞終値」の陰線となった日は全部で百七十四回（十八％）、陽線は陰線の実に約３倍の頻度で出ている。,,
　その原稿を一行何字詰めかで本にすると、,全部で,何行になるか、それがわからなければ、全部で何ページになるかわかりません。,,
偽装は,全部で,何件か。,,
取組は,全部で,十組（二十頭出場予定）。,,
後は突発で入る、すみ,ちゃんと,のりちゃんとユウちゃんとＯちゃんだね♪,,
　なんか、,ちゃんと,せなあかんというか、そのちゃんとがずれてもーてんねんけど、それがちゃんとしてることやと思ってしまってるし、なんか東京で恥ずかしいことしたらいかんていうか、いなかもんやとばれたくないとか、いろんなそういう気持ちがどんどん合流でたまらしてると思う。,,
　「絹川君は,ちゃんと,私がちゃんと寝れてた方がよかった？」,,
　眠かったら、,ちゃんと,眠ればよいではないか、いったんちゃんと眠って、また起きて釣ればよいではないか。,,
アルテアとマリーナは、,とちゅうで,いろいろな場所を説明してくれた。,,
献帝からあずかった曹操暗殺の密書を伏完にとどけたが、返書をもってもどる,とちゅうで,曹操につかまる。,,
中でもうれしいのは、ひ孫たちと遊んでも,とちゅうで,気が散らなくなったし、本を読んでやれるようになったことだという。,,
　エルムはつるにしがみつき、,とちゅうで,ぶらさがったが、レリアは胸壁までまっすぐにすべりおりてから、ようやくとまった。,,
,途中で,、ヘスの演説途中で挿入されたのと同一の男女（映像そのものは同一ではない）、続いて一般席の民俗衣装の女性数人が目にされる。,,
発生の初期に形能形成に異常が起こる変異体は、多くの場合発生の,途中で,死んでしまうが、こうすることにより、発生の途中で死んで、幼虫として生まれてくることのないような変異体についても調べることができたのである。,,
ずっと曇り空で、,途中で,雨が降りだすという、寒くて悪天候のもとでの宣伝だったので、外に出ている人も少なかったようですが、買い物途中で自転車で通りかかった支持者の女性が、柿の差し入れをくれるなど、激励もありました。,,
ＭＸでＤＬした動画ファイルなんかはダウン,途中で,も見ることが出来るけど、ｎｙのは見れないから途中でファイルのチェックなんかに使う…ってのは聞いた事があるなぁ。,,
ときには、急な上りや,とつぜん,の下り坂があったり、地面の割れ目や小川を渡らなければならなかったりすることがあり、ピアックが注意してくれた。,,
　それから、,とつぜん,、男はあわてふためいた。,,
だが、おれが、もう一人の衛兵といっしょに橋の上に立って、あんたたちが島から連れてこられるのを見てたとき、そいつが、,とつぜん,、おれのとなりにあらわれた。,,
　白いドレスの園丁が、白ぬりの小枝をふると、場面はまた,とつぜん,かわりました。,,
しかしこれは、休みなく数日続いた後で終わることはなく、ほかに症状がまったくないのに,突然,はじまって突然終わるようなこともない。,,
,突然,高熱を発し、突然解熱する。,,
,突然,は　突然やってきて　想いが揺れる,,
　国立遺伝学研究所では，遺伝子の損傷と再生，体内にとりこまれた放射性同位元素による誘発,突然,変異及び変異体の検出の効率化を図る研究及び低線量域における高等植物の突然変異と染色体の感受性に関する研究等を実施した。,,
ですからこの場合に、いまの密教の考え方で説き明かしていきますと、刹那、刹那という刻み方を,どんどん,どんどんひろげて空間を時間的にとらえていく。,,
　「んんっ…うん…ちょ、ちょっとぉ…痛いけれどぉ…兄さまと…ハメハメしてるって…思うとぉ…,どんどん,どんどん…感じてきちゃうから…」,,
　俺も背徳と快楽に翻弄されて…,どんどん,どんどん…意識が、興奮が、高まっていく。,,
だから同じ音楽でも違う方向に行こうとしたら、,どんどん,どんどんこういうマニアックなほうに行っちゃった、みたいな。,,
此は筆者も太だ同感で、小さんは多く上方落語に「芸」の呼吸を学んだと聞くが、,まことに,や、あの八さん熊さん体の男が「いえ…あの…まことに…その…エー何でやして」とモヅ〳〵するところと、「いえ…あの…ほれ…いえ…もし…その、ちがいまんので…あの、なあ、もし、旦那さん」と春団治落語中の頓狂人がヘドモドするのとは全く同一呼吸の産物である。,,
あれは,まことに,冷え症でございますからわっちが猿股引きをこしらえてやりますと、その時にあれが締めまして、どうも暖かいと申しまして、まことに思いの種でございます。,,
鬱蒼（うっそう）とした大樹、岩肌まるだしの絶崖（ぜつがい）、とうとうと流れる吉野川の調和は,まことに,すばらしく、その仙境風景は他をよせつけない美しさだ。,,
父さん、,まことに,申し訳ねぇども、先月杉田さんが久保田さきた時、五十貫文借金したから、返しておいてくれにゃべか,,
　わずか５球で、打者二人に対して１安打１死球、自責点２という,誠に,厳しくほろ苦い初登板となった。,,
　国会議員が逮捕・起訴されるという国民の信頼を損ねる不祥事は,誠に,遺憾で公党として申し訳なく、心よりおわびする。,,
,誠に,きれいなものであった,,
いや、,誠に,申しわけありません！,,
　エディはテーブルを見て、木の節目がかたつ,むりに,似た形をしているのに目を留めた。,,
学校の勉強にとりくむことや夜きちんとね,むりに,つくこともむずかしくなるでしょう。,,
そのためにゃあ、「わが（自分）に正義がある」ともても（思っても）、よそのくにに,むりに,おしつけよとして、武力をちらつかしておどしたり、それでもゆうことをきかんけんゆうて（からといって）、武器を持たして戦争しかけたりするのは大間違いじゃろがな。,,
吸いあげられるような感覚の中で、わたしはいつしかね,むりに,おちていた。,,
固く信じて、動かない人の心、,無理に,動かすことは出来ない、他人に無理に教える事無く、自らの足で立たせるべし。,,
そういう著書に,無理に,つきあっていると頭が悪くなるから、無理につきあわないほうがいい（本書だってこの著者にはつきあえないと思ったら、途中でやめたほうがいい）。,,
固く信じて、動かない人の心、,無理に,動かすことは出来ない、他人に無理に教える事無く、自らの足で立たせるべし。,,
そういう著書に,無理に,つきあっていると頭が悪くなるから、無理につきあわないほうがいい（本書だってこの著者にはつきあえないと思ったら、途中でやめたほうがいい）。,,
　心臓疾患といいながら、心臓そのものに異常を指摘されたことは,いちども,なく、職場の健康診断での心電図はつねに正常であった。,,
　そのころのルパンは、まだ怪盗どころか、他人の物をぬすんだことも、,いちども,なかった。,,
ヘレンには,いちども,砂場がみえていないのだから、わたしのすることはおかしなことなのでした。,,
私が見ていた限りシルビアさんは、それから先,いちども,席を立つことはなかった。,,
なにせその中には、水が入っていったことなど、かつて,一度も,、少なくとも地球上に人類が登場してからは一度も、なかったのである。,,
　「わたしはユダヤ教の会堂にはいったことは,一度も,なく、ユダヤ教の典礼に列したことも一度もありません。,,
「中国政府は、これまで,一度も,日本国民に申し訳ないことをしたことはない。,,
　ブルネイでは、過去に議会の多数派政党が王制打倒の反乱を起こしたことなどから、八十四年の英国からの完全独立直後から議会が,一度も,開かれていなかった。,,
ゲーテが自分の本領を発揮できたのは、友人であり主人であったワイマール公爵の,おかげで,あって、ワイマールの輿論のおかげではありません。,,
　しかし、たぶん彼女の例の生理の,おかげで,、たぶん我々の家族どうしが知りあいであったおかげで、とにかく理由はなんであれ、僕はダンス・パーティーに行くときのアリスのエスコート役をおおせつかった。,,
神の,おかげで,す。,,
しかし詩編第二十二篇は、こんな神を信じていた,おかげで,ひどい目に遭ってばかりいるという人の嘆きの歌です。,,
ブームの,お陰で,随分とモデルも増えた。,,
カウルをこうして外してみると、各部がユニット化された,お陰で,整備性が大きく向上していることがよくわかる。,,
彼の,お陰で,童心に帰ることができた。,,
これもゲリラリラを応援してくれるアームズ読者の,お陰で,す。,,
その代わり上映会自体はグラビアページで「オウム支持者らによる集会」などと大々的かつ批判的に紹介されたこともあり、,お陰様で,上映会にはマスコミ各社が詰め掛け大入り盛況。,,
まあ、,お陰様で,人見知りする性格は少しずつ改善されてましたけど（笑）,,
,お陰様で,お伊勢参りもできました,,
受験が終わってから、お母さんだけがお薬を取りに来られたときに、「先生、,お陰様で,、実はだいぶせきがよくなったんですよ」と笑顔で話してくれました。,,
　そんな君に、,せっかく,の恋をうまくかなえるために、せっかくかなえた恋を失敗させないために、これからどう考えればいいか。,,
,せっかく,マイホームを買っても、お隣のたばこが原因で引っ越す人もあるんです。,,
何もしない家を見ると、,せっかく,ただで降ってくるのだから利用すればよい」,,
「まだいるんだろ」「,せっかく,慣れてきたのに」と握手を求められる。,,
　ここで,折角,、私の所信に、カントやリップスの助勢をたのむ必要はないが、争議屋どもが、あの唯物万能主義者の、マルクス気取りでギャング振りを発揮するので、読者のために引例したのだ。,,
三号、二号、一号と上がっていくにつれて、精神教育のみが過剰になって、,折角,の優秀な素質を活かす方向に進んでいない。,,
　これでは、,折角,怒らせようと思ったのに、張り合い抜けがしてしまう。,,
　「まあ―,折角,おいで戴いたのにこんなところで立ち話と云う訳にも行かないし、それは構わないけれど―」,,
そして秋田さんは、今回、先輩のいうとおり、,ぜったいに,一人の犠牲者も出してはいけないのだと、かたく決意していた。,,
それまでは、神さまの火は,ぜったいに,安全だ、という気持ちが、どこかにあったのだ。,,
こんどは,ぜったいに,離さないように。,,
もちろん、相手をだまそうとか、陥れようとして、ウソをつくのは,ぜったいに,あかん。,,
ですから、「,絶対に,イジメはやらない」「絶対に虐待などしない」とは誰も断言できないはずなのです。,,
　人間の心とは誠に複雑で、「私は,絶対に,しない」と断言する人ほど、特別なストレス状態に陥ったときなどに、「絶対にしない」と言い切ったことをついついやってしまうものなのです。,,
ぼくは,絶対に,あのテープをブレットにわたさなかったし、絶対に話も…」,,
　竹内はこう述べている―「私が分離をお願いしたのは、私が一人でその当時、,絶対に,一人であるという気持ちからはやくはっきり、この審理を終わらせたいと考えたからです」「自分だけが絶対に三鷹事件の責任者で、外の人は全然関係ないのであるから、そうすれば、はやく終わると思ったのです」（公判速記録）。,,
　生きていることが,たしか,で、パンを食べていることもたしかなように、これは間違いないことだとウルリヒは思った。,,
,たしか,、私の記憶によりますと、科学技術会議の提起だったと思いますけれども、政府の研究開発費の負担を一％を目指すという問題提起をたしか行った記憶がございます。,,
これは,たしか,私も有価証券取引税じゃなかったかと思いますけれども、かつてキャピタルゲイン課税のときにかなり論議をした覚えがあるのでありますが、いまの大倉主税局長の御答弁というのは、たしかそのときも変わってなかった。,,
,たしか,染色体の何番目（たしか二十一番目）かが多いとかですよね？,,
　いや、,確か,に見た目の変化は小さいし、変更内容を読み込む限りは、通常のリファインの範疇と思えるのも確かだ。,,
　一番,確か,なのはこちらから電話して確かめることだが、これまで私をさんざ悩ませて、ウンともスンとも言わない相手にこちらから連絡するのは癪だった。,,
これまで目を向けてこなかったもの、わざわざ取り上げて,確か,めようとしなかったもの、ちっぽけだけれども確かに存在していたものたちが目の前でくっきりと形をあらわにしているような気がした。,,
多くのお金を持っている人は,確か,に使えるお金が多くなるし、少ししかお金を持っていない人は確かに使えるお金が少ないというのは分かるんだけど、どうしてそれが「強弱」の基準になるのかが私には理解ができないのよ。,,
昔は,とにかく,何か語りかけたら、その言葉に対してとにかく考えて反応しなきゃならなかったわけですよ。,,
僕は反論ありで、男妾だろうが何だろうが、,とにかく,あの短い秒数の中で、コマーシャルの前にとにかく一つちょっとした堰をつくるでしょ。,,
,とにかく,事故がなくて良かった,,
「ショットが悪いので、,とにかく,打ち込みたい」と意欲的だった。,,
つまり「,兎に角,」は、「たとえ兎に角があろうとなかろうと…」というのが本来なのでしょう。,,
でも,兎に角,、サキみたいに糸んとこが「極細チェーン」のヨーヨーを作りたかったのだ。,,
―が、いかにして奥庭へ忍び込み、いかにして何処へ消え失せたのか分らないが、,兎に角,夫人のさしがねと庇護に依っていることは明かである。,,
,兎に角,駆け寄って挨拶をすると、中禅寺は豪く驚いたようだった。,,
だいたい、真に宗教的に高貴な精神を持った者ならば、ハルマゲドンで人類が滅ぶなどというお告げがあったとしても、「,なんとか,それを最小限にして下さい、なんとか皆を救って下さい」と祈るのが本当ではないだろうか。,,
きのう十二金の読売新聞の朝刊だったかグラフで　,なんとか,の視力と新規なんとかの販売数,,
前場利益吹っ飛ばすのも覚悟で売り乗せしたら,なんとか,利確できるまで下げてくれてなんとかなりますた,,
　「こいつあ逃せねえ」弥六は珍しくいきごんだ、「,なんとか,法はねえかな、なんとかその、ゆうれえのきげんを取る法は、…うん、うん、いやいけねえ、そいつはだめだ、そいつは」,,
,あんなに,すばらしい完璧さ、あんなにすばらしい幸せ、あんなにすばらしい美しさが、今までずっと、ここにあって、そしてそれがもう、いまや、すっからかん、なんにもなくなってしまったのよ。,,
　友人たちの「吸引力の強いのに買い替えた」「やっぱりヨーロッパのものはすごいわね」という話を聞いても、“,あんなに,重くて扱いにくいのに、なんであんなに高いのかな”と、思っていました。,,
二人だけの時は,あんなに,話が弾んで、あんなに楽しく素敵だった彼が、子どもが生まれてから変わってしまった。,,
,あんなに,やさしく、あんなに甘い娘の声を、私はその後あまり聞いたことがない。,,
　五合庵のわび住まい、夜,しょうしょう,として降りそそぐ雨の音に耳を傾けながら、五十余年の来し方をふり返っておられる良寛さまのお姿が、眼に浮かぶようです。,,
　「ざいりょうは、にんじん　三本、さとう　,しょうしょう,、それから、えーと、この字、なんと　よむのかしら…」,,
近年新聞やテレビなどマスコミでよく取り上げられるために、骨粗鬆症という難しい字を書き、「こつそ,しょうしょう,」という発音しにくい言葉がポピュラーになってきました。,,
　どの飛行機も、割合主翼のはばが厚く、端が鋭く直角に切り込まれ子供のときから第二次大戦の各国の戦闘機で育った世代には,しょうしょう,「うそっぽく」見えることだ。,,
にんじん３分１本　たまねぎ４分１個　しめじ二十ｇ　固形スープ４分１個　カレー粉小さじ３分２　塩,少々,　こしょう少々　パセリのみじん切り少々,,
じゃがいも大１個（百六十ｇ）　ハム１枚　卵１個　たまねぎ二十ｇ　パセリ,少々,　塩少々　こしょう少々　チーズ（溶けるタイプ）三十ｇ,,
さけ八十ｇ　塩,少々,　こしょう少々　しいたけ２枚　長ねぎ四十ｇ　ゆず少々　バター小さじ１　しょうゆ小さじ１,,
たまねぎ４分１個　セロリ２分１本　パセリ,少々,　Ａ｛サラダ油小さじ１４分１　レモン汁小さじ５分２　塩少々　こしょう少々｝,,
　この戦に江馬衆が参加したことになっているが、江馬衆がまだ残雪の深い安房峠を越えてこの戦に参加したのは,少少,合点がいかぬ。,,
きゅうりは皮をむいて３ミリ厚さの小口切りにし、塩,少少,をふります。,,
　仙厓は、この貴重な残金で宝蔵と浴室の修築をし、さらに一番あとまわしにしていた方丈の建て替えまで計ったが、とても足りず、材料を,少少,買い置くにとどまった。,,
チンゲンサイは葉先のほうを除いて縦四つ割りにし、塩,少少,を加えた熱湯で色よくゆで、水に放して冷やす。,,
２の部分は二千七年以降のＤｉｅｋｅｍａ医師らの主張では,ずっと,「重い知的障害」または「重い認知機能の障害」ということだったのに、ここへきて「意思疎通が出来ない」と変わっていることがずっと、ものすごく引っかかっている。,,
そう　,ずっと,　ずっと　昔のことだったのだから,,
願いをかけて喜ぶんだ　もう,ずっと,　それはずっと,,
　自分たちが卒業した古巣で授業をしてるからかもしれないけれど、とっても謙虚なヒトたちで、でもって、私なんかより、,ずっと,ずっとず〜〜〜っと忙しいだろうに、でも、目がキラキラしてて、勝負してるな〜って顔してる。,,
　「ああ、,たいへん,だ、たいへんだ。,,
南が山岳で、北が黄河で、そのあいだの道は,たいへん,狭くて、車一台しか通れないと言われたほどですから、攻めるのにむずかしく、守るのにやさしいたいへんな要害の地でした。,,
あいかわらず協調性がないし、にんじんが食べられないし、そして死ぬのが,たいへん,に怖い。,,
「炭疽菌の毒を使う、,たいへん,重大な挑戦であることは疑いがない。,,
ですから、標高はわずか千三百四十三メートルでも、平均的なイギリス人にとっては、登るのが,大変,な山、というイメージがあるのです（実際、登るのは大変です）。,,
　自分が本を手がけたその喜びはともかくとして、その,大変,さ、大変だからこそ知った一冊一冊の大切さ。,,
　今の社会人で三十歳ぐらいの人って、会社の中ですごく,大変,な（もちろん大変じゃない人もいるでしょうけれど）立場にいる人が多いと思います。,,
「子どもと私が一番,大変,な時にこそ、私の思いを理解し、共に努力すると結婚式の時に言ったのに、子どもが本当に大変な時に理解しようとしてくれないのは、妻としての私にとってつらすぎる」,,
,あいかわらず,冷めたノリのグゥ。,,
あいかわらず珊瑚。,あいかわらず,珊瑚。,,
　さっきから一時間は経過したが，,あいかわらず,村山さんはテンパった顔でラフを切っている。,,
雨は,あいかわらず,強まったり弱まったりしている。,,
　いつのまにか自分が美女の姿になっていることを知る由もない童子は、,相変らず,せっせと道隆に仕えていた。,,
　かれはそう答えて、,相変らず,外を眺めていた。,,
,相変らず,そっけなく言い放っていた。,,
　浪人風の男は、,相変らず,手酌でチビリチビリとやっていて、ほとんど女に目を向けない。,,
未知の部分がのこされているが、しかし、もしかすると、,さきに,ふれた公明党の平和主義路線が何らかの役割をはたしうるかもしれない。,,
　大臣の蘇我稲目は、まっ,さきに,帝から下問をうけた。,,
所要時間は,さきに,述べたとおり、四十五分。,,
そんなや,さきに,、修復の話が、わたしの元に舞い込んできたのだ。,,
どうかすると、おとなのほうが過剰に、,先に,先にと、子どもたちに与えすぎているのが現状のような気がします。,,
核先制攻撃によって相手の要所要所を,先に,殲滅して、相手の報復能力を先に奪うことができるようになりました。,,
　院の使いが真っ,先に,弔意を表すのは姫の母公でしょうから、尼御台所は一番先に書かれているので、そういえますが、後の方にヒントがあってわかることが多いようです。,,
一方、中大兄が,先に,寺を占拠すれば、蝦夷の鼻先に剣を突きつけるようなものだ。,,
,さきほど,中国の乙級リーグ戦に参加、深圳チームの主将として中国ナンバー２といわれる王磊八段を破るなど５勝２敗の好成績をあげて凱旋したばかり。,,
　奈津は、,さきほど,の娘を目で追う。,,
小泉さんはその認識をどの程度身につけ、,さきほど,のような反省・謝罪をしているのか。,,
,さきほど,お話したように、私は根がシャイなのでセックスを自分から貧欲に男に求めるようなことはしませんでした。,,
この熊野本宮大社と,先ほど,の熊野那智大社、さらに熊野速玉大社を合わせて熊野三山という。,,
,先ほど,、見たな、と叫んでいた鉄砲足軽だ。,,
いったんは勢いが衰えたかと見えた武田勢であったが、正面を突破する以外に生き延びる道はないと悟ったせいか、戦いぶりは,先ほど,よりも果敢である。,,
オレンジのジャケットに黒のスパッツは、,先ほど,おっしゃったように、コントラスト強すぎますね。,,
父親は息子の屈託のない笑顔と、,先程,の質問を忘れさせたことに満足し、目を細めた。,,
たった四回しかクラブを振らない上、そのうち二打のパターは小指の,先程,度しか使わない。,,
　その口調は,先程,までと全く変わらず、表情も無いままだ。,,
,先程,、作家の大田原先生のお宅で、御馳走になったんです―それがとてもおいしくて」,,
,しばらく,して上がって来た年紀の少い十六七が、…こりゃどうした、よく言う口だが芥溜に水仙です、鶴です。,,
　武揚に取り次いでくれと言ったらしく、男は門の中へ消え、,しばらく,して藩士とみえる若い男があらわれた。,,
,しばらく,して、歌わせてくれる施設が埼玉にあると電話があった。,,
力士が大型化した現在、数少ないつり技の使い手である琴龍は「つった日から,しばらく,は、背筋痛でまともに相撲が取れなくなる」という。,,
藤三は,漸く,口を開きました。,,
丁度,漸く,舌が廻り始めた赤ん坊のような声で。,,
,漸く,四辺の暗さが薄らいで来た。,,
李徴は,漸く,焦躁に駆られて来た。,,
,じっさい,エリドールは、そうする意志を公然と宣言したわけではない。,,
　一郎君は、人魚なんて、,じっさい,にあるものではないと信じていました。,,
これはまた、,じっさい,彼女の進歩が案外なほどの速度で行われたせいでもあった。,,
　結果としては、ふたりはその日も行くべき時間に遅れることになった、というよりはボスコニーのほうが,じっさい,時間どおりにやってきたのだ。,,
秦が,実際,に魏を攻めて二城を陥落させたのは、前二百七十六年であるから、これは前二百七十九年から前二百七十六年にかけてのことである。,,
,実際,にメロメロになるのは、男のほうであって、友人、知人の変貌ぶりをどのくらい見せつけられたか。,,
それはこの生の哲学が,実際,には一度も死から切り離されたことがなかったからです。,,
　その目標を考えただけでワクワクしますし、そこに至るために,実際,に努力をします。,,
土曜とか,たまに,出るのは義母にそのまま家であそんでもらうのでいいのですが、たまにある十八時は少し、、、,,
あくまでも,たまに,ですが、その「たまにある」が怖いんです；,,
,たまに,大型客船が着き、たまにツアーがやって来てストーンジャンプをこの村で披露したりすることもあった。,,
この前も電話で『,たまに,は掃除しなさい』と言いました」,,
　この接着式破損修理は、１土,偶に,ついて唯１回とは限らず、同一土偶について何回も繰り返される場合があった可能性が見込まれる。,,
主にお義母さんに向けられる鉄拳ですが、最初に十八畳の和室の偶から、逆方向の,偶に,いたお義母さんめがけて、座布団がシューッと飛んできたときは、本当にびっくりしました。,,
摂政殿、弟の剛気を,偶に,は見習い、藤氏の為、筋を通してくれい。,,
たった十何歳のガキが作った木,偶に,しちゃあ、あんたのできは良すぎるとは思うんだが…」,,
それを、,みんなで,運び、みんなで料理し、全員に均等に分配し、みんなで食べる。,,
２学期制を実現するには，教師たちは，,みんなで,集まって話し合い，みんなでいっしょに作業をしなければならなかった。,,
　女将さん、今日はお女郎衆に休みをあげて、その代わり,みんなで,この家をきれいにし、みんなで接待することにいたしましょうよ。,,
また九十五年社会保障制度審議会は、「社会保障体制の再構築（勧告）」をまとめ、「社会保障制度は、みんなのために,みんなで,つくり、みんなでささえていくもの」との国民相互扶助を基調とする「二十一世紀の社会連帯」理念を強調した。,,
二、各意見を出し合って、それを,皆で,よく検討し皆でこの具体的な作業行っていく。,,
ラストは爆弾の犯人が委員長とわかり、残った爆弾を使い,皆で,元の世界に戻ろうと皆で手をつなぎ輪になって一生懸命祈りましたが、ただ一人、翔を好きな子だけがこの世界にいれば翔とこれからも一緒にいられると思い、帰れないように祈る。,,
ぐりとぐらの家にやってきたサンタクロースが大きなケーキを作ってくれて、,皆で,パーティーを開くお話。,,
,皆で,強くなろうという気持ちで競い合う。,,
ゲームには,まるで,興味のないヨメが、ゲーム機本体＆ソフトを購入するなんて天変地異の前触れでも何でもなく、ただ単に運動不足を解消したいがためというまるで面白みのない理由・・・★,,
仰向けに寝っ転がり、４ほんの足を１ヶ所に集めて,まるで,捕らえられた狸が、４本の足を縛られぶら下げられる寸前のようまるで狸汁にされる狸のようです（￣ｏ￣）,,
　かつて慶喜が、成熟の頂点にあったお蘭のからだを充分に享楽しながら、,まるで,尊貴の自分がお蘭に恩寵を垂れてやっているような顔をしていたように、今や、お蘭は、一十郎によって充分な性的欲望を満足させながら、まるで下級の臣下に恩寵を与えているかのような態度を続けていた。,,
　タバコを吸うのが,まるで,罪を犯しているかのように、あるいはまるで排泄行為を見せているかのように白い目で見られ始めたのは、ちょうどこのころだったと思う。,,
足の付け根も痛くなったので、お医者さんに聞いたところ、「羊水と胎盤、そして赤ちゃんで,いっぱい,の子宮を支える筋肉がいっぱいいっぱいの状態だと激痛が走ることがある」,,
フルオーダーなので、台所の面積,いっぱい,、天井いっぱいまで、すき間なく利用できる。,,
「せっぺ」とは鹿児島弁で「精,いっぱい,」という意味で、つまり「精いっぱい跳べ」という神事です。,,
いずれも慰謝料は五十万〜百万円が,いっぱい,いっぱいと考えてください。,,
日本から洋服　や　靴　や　便利グッズ　とか　文房具　や　本　　もう,一杯,一杯,,
また、高知の人は酒が好きで、「花見て,一杯,、月見て一杯」と、酒をよく飲みます。,,
そういえば子供の頃は大人に成ったらバケツ,一杯,大好きなプリンを作ってお腹一杯食べよう！！！,,
　結局、麦酒三杯、「神の河」のロックを,一杯,頂き、置いて帰れるだけの金額で構わないと言われ、当初は二千円で手打ちをしたが、流石に其れだけでは申し訳無さが一杯だったので、清水の舞台からバンジージャンプした気分で、もう五百円上乗せし、二千五百円置いて帰宅。,,
私は札幌に住んでいて、人口百九十万で,かなり,大都会だと自負していたんですが、この間、人口八百四十万の東京に行ってみたら札幌の都会度にかなりの疑問を感じてしまいました・・。,,
帝王切開も母親にとって,かなり,の負担になるし、お金もかなりかかります。,,
１．どちらの木も葉が厚く，日陰にも,かなり,強く，　木もかなり大きくなるので，庭を暗くしがちであること２．どちらの木の実も薬効があるということで，漢方などでは　薬草として知られています。,,
品種としては,かなり,古いものなので、入手がかなり難しいかも知れません。,,
十倍で撮って、トリミングで絞り込んで、と言う風にすると,可也,クローズアップした画像が手に入ります。,,
の天候です、早速撮影しましたがニコンＤ九十は、フジＳ５Ｐｒｏと,可也,違った色彩ですが、これもいい！。赤いクロス！は、小雨に映えて幻想的に写っています。。。,,
中風病みの纏りの無い人の作品が発表するには,可也,の勇気必要とする絵が出来つつある。,,
可也大きな負担額だった,可也,大きな負担額だった,,
私の趣味と性格と理想が,可成り,一般的より離反したところにあると考えていたので多分の関心を持っていた。,,
　近時この文化表装も,可成り,普及し、工業化しているところもある。,,
　表装の制作に関する参考書は、最近書店で多く見掛けるようになったが、よほど専門的な分類があるらしく、製法にしろ、様式にしろ、解説に,可成り,相違が感ぜられる。,,
　ともかく駕籠の中に身を潜めて、簾越しに外を見ながら西門の濠を渡り、,可成り,揺られて更に内濠を渡って西の丸に入った。,,
,いつでも,貧しくて、いつでもはした金を追いかけているんです。,,
この場合、職場内の作業のすべてをこなせ、,いつでも,どの作業でもこなせ、いつでも、いくつもの作業を同時にこなせる単純型多能工が、まず必要になってくる。,,
病院や施設とは、,いつでも,連絡を取れるようにしておくことが大切」,,
　この国は不法滞在の外国人や難民を、おとなしく低賃金で働いてくれ、,いつでも,雇ったりクビにしたりできる便利な労働力として必要としている。,,
それは資料として目次の方だけを持ってきましたけれども、資料の二ページはそのテーブル・オブ・コンテンツ、目次でもう本当に詳しく,だれでも,こういう情報にアクセスできるように、もちろん私も文部省の中でこのホームページをプリントアウトしましたから、本当にだれでもアクセスできる情報ということです。,,
みんな理解し合っているのは、もう教育に関心のある人なら,だれでも,今日常識になっておりますのは、文教予算の特色というのは人件費が高いことだ、これはだれでもよく理解をしていることだと思うんです。,,
彫刻のできる才能をもった人間なら,だれでも,―ゲンコツマスの骨から彫刻を作れる人間ならだれでも、ほんのちょっぴり働くだけで、たっぷりとお金を手にできるのだ。,,
とてもきれいなんで、見たら,だれでも,のぼせ、その動きはだれでもとりこにし、心を仕える者にし、その人自身も物乞いにしてしまいました」,,
,誰にでも,事故の可能性はあります。,,
楽しいバックカントリーの世界ですが、アクシデントは,誰にでも,ありえます。,,
　,誰にでも,色っぽいなんてのは娼婦の、売買用の魅力だ。,,
　栗原は,誰にでも,好かれるから,,
　車内,どこでも,スッキリ,,
携帯端末などを通じて、,どこでも,インターネットに接続できる「ユビキタス」分野で、日本が世界をリードしていく必要があると主張している。,,
　「名古屋企業の堅実なイメージをそのままに、しっかりとした料理とサービスをお客様へ提供すれば、名古屋だけでなく全国,どこでも,通用します」,,
今では普及定着して,どこでも,見られるようになりましたが、昭和五十年当時、だれに聞いても調べてもわからなかったのです。,,
,かならず,、同じ状態の電池を使用しよう,,
一ミリも迷いなく歩いてきて、私の前で立ち止まり、,かならず,へんなことを言う。,,
壊れるときは、,かならず,内側から崩れるもんだ。,,
白２に黒３と,かならず,ひとつ取り、白がどこかにコウ立てをして二十七図　白１と取ったとき黒２、白３に黒コウ取り。,,
また、一つの商品がダメになるときというのは、,必ず,次に売れる商品が出てくるし、時代が変わるときには、必ず新たなニーズが生まれてくるはずだから、そのチャンスを逃さないように積極的にチャレンジしていくという姿勢でやってきた。,,
「新に沐せし者は,必ず,冠を弾き、新に浴せし者は必ず衣を振ふ。,,
　白虎隊の人が仮に女子だったら,必ず,全員が死んだのではなく、なかに必ず死体を隠す人が生き残ったはずです。,,
明らかにそれは、罰すべき者は,必ず,罰し、赦すべき者は必ず赦してくださる、ということです。,,
,きっと,、私のいったところよりも、もっと古座間味ビーチだとかは、きっとめっちゃ綺麗に違いない！！,,
,きっと,、由加利さんに心配かけたくなくて、ただ黙っていただけだと思います・・きっと。,,
あなたは,きっと,将来なにをしたらいいのかわからないのではなく、きっと自分の場所を見失ってるのではないでしょうか・・。,,
全然気にするな、,きっと,そいつは貴女に嫉妬するところがあるんやろうね、ん〜〜〜貴女はきっと好い女なんやわ、相手してたら所詮貴女も同レベルですよ。,,
　お客さん、,だれも,来ないかもしれないけど」,,
札幌市在住の高崎暢弁護士が「,だれも,が安心して働き続けるために―守ろう憲法と人権」と題して講演する。,,
　,だれも,が目を疑うような衝撃的な光景だった。,,
　米国民の,だれも,が愛しているキャラクターといえば、スヌーピー。,,
,誰も,が「企業」を設立できますし、誰もが「企業」に参加できます。,,
　六年以上もの間、,誰も,が「革命」をやり、誰もが造反を行うという状況だったため、全国の工業・農業生産は深刻な打撃を被っていた。,,
マザーグースの唄がいつ頃できたかというのを,誰も,知らないのと同様、生徒達の中には誰もはっきりと説明できる者はいなかった。,,
誰も言わなかったことを、誰も気がつかなかったことを言ってやろう、やってやろう、この野心がなければ学問も技術も進展してこなかった。,誰も,言わなかったことを、誰も気がつかなかったことを言ってやろう、やってやろう、この野心がなければ学問も技術も進展してこなかった。,,
　だが、その後、複数の病院の脳神経外科、神経内科などを受診したが、検査結果を見ては「,どうも,ない」と繰り返されるだけだった。,,
双方の貝を分析してみると、,どうも,初島沖から沖縄トラフに移動した可能性が高いのです」,,
この辺り、,どうも,田尻さんの歩切れが響いている。,,
,どうも,解せない。,,
私なんてまだがんと決まったわけでもないのに,こんなに,落ち込み、こんなに苦しみ、死を目前に感じてしまっている。,,
当たり前だが事実はいつも,こんなに,簡単には済まないし、こんなにロマンティックではないのである。,,
　―こちらが,こんなに,親切にこんなに真剣に手ほどきしてやってるというのに、どういうことだ、とりみだして笑いだすとは？,,
　,こんなに,、こんなにボロボロになって。,,
　喋って、値切る大阪人は,たいてい,嫌われるはずなのだが、お国変われば―というやつである。,,
その上で十―十五度に冷やせば、,たいてい,の水道水はおいしく飲める,,
　体質的に酒がダメという人も稀にあるが、,たいてい,は単なる訓練不足で、それと亭主が積極的に「お前もどうだと勧めてくれないから」というだけの話だ。,,
その上で十―十五度に冷やせば、,たいてい,の水道水はおいしく飲める」,,
それに注ぐイチローの創意と努力は並,大抵,のものではないと聞く。,,
ちなみに近松ものは,大抵,壮絶な悲恋に終わるので覚悟しておくようにな。,,
それから,大抵,の場合、良質な酒米が使われ、造りの際にも手厚いケアが施される。,,
大抵の選手は気軽に打球を待っているが、松井だけは、ほかの打者がスイングをするたびに小さくジャンプして腰を落とし、前後左右に体重を移す。,大抵,の選手は気軽に打球を待っているが、松井だけは、ほかの打者がスイングをするたびに小さくジャンプして腰を落とし、前後左右に体重を移す。,,
今では級友たちですらが、,ほとんど,過去の出来事として忘却してしまっているに違いないが、当時はクラスのほとんど全員に近いものが、本当に何らかの形で煙草を口にした経験をもつのである。,,
,ほとんど,枚数が残っているサテがほとんど・・・,,
わんこの散歩行って、近くのマルヨシセンター行ったら、,ほとんど,午後７時だったのでお総菜もほとんど無くなってました,,
まぁ,ほとんど,いつものごとく教えてくれる人がいない状況だが料理長は初めの一週間はいたが最近は常にキッチンにいることがほとんどいなく任せっきり,,
たとえば外野手が深い飛球をグラブではじいて落とした場合、日本は,殆ど,ヒット、メジャーは殆どエラーです。,,
これらは、,殆ど,みな宗教、即ちキリスト教関係のもので、それ以外のものは殆どありません。,,
タイトといっても,殆ど,が３速と４速ギアを使う。,,
原料は,殆ど,が楮で、楮を蒸し、皮をはぎ、川の中で足もみして表皮を取る。,,
　えーと（キーホルダーについているリモコンのドアロックボタンを,いちど,押してドアをリモートロックし、もういちど押して開錠する）。,,
それからは、一年に,いちど,か、二年にいちど、それも夏休みか、冬休みにしかあらわれなくなった。,,
ひきつぶして、もう,いちど,ひきつぶして、さらにもういちどひきつぶしたそうです。,,
　心臓疾患といいながら、心臓そのものに異常を指摘されたことは,いちど,もなく、職場の健康診断での心電図はつねに正常であった。,,
　「ヌリの飼っている不思議な虫は、,一度,は這う虫、一度は鼓、一度は飛ぶ鳥になります。,,
今まで、,一度,ログインするとその日１日はログインしないでも使えてましたが、先ほどからＩＥを一度閉じてしまい、もう一度立ち上げると、ゲストさんになってしまいます。,,
三日に,一度,は会っていたのを月に一度、いや二カ月に一度程度に頻度を落としたらどうだろう。,,
というのは、機関車は三日に,一度,の「仕業検査」、三か月に一度の「交番検査」、一年半に一度の「台車検査」、そして六年ごとに完全オーバーホールの「全般検査」をしなければならないからだ。,,
しかもッイルカのジャンプに〜〜シャッターが・・・ジェンジェン追,いつか,なねぇ〜追いつかねぇ￣￣（＊￣∇￣＊）アラ￣￣,,
かこりんも　,いつか,　いつか　ネ。。。。笑,,
しかし、その反面で、肝心な、コンピューターを使って指導できる先生の割合が、なかなか実情に追,いつか,ない、ハードに追いつかないという感じがいたします。,,
,いつか,絶対別れが来る・いつか浮気されるかも,,
,いろいろ,な人種、いろいろな年齢。,,
　テロを抑え込むにはどうすればいいかというと，やはりメディアが多元的になって，,いろいろ,な人たちのいろいろな価値観というものをそれなりに認めていく，ということしかないんです。,,
こうして、たくさんの煉瓦（片）を集めることで、,いろいろ,な場所、いろいろな時期の籾殻を手にすることができます。,,
　乳幼児は、授乳、おむつの取換え等…,いろいろ,な場面で、いろいろな世話を受けます。,,
,色々,な酒（雪中梅やさむらいなど）も沢山あるけれど、それ以上に色々な物もあり、楽しいお店なのだ。,,
ハンドクリームは、特に決めた物はなくて、,色々,使ってみたいタイプなので、小さなサイズを色々試しています。,,
,色々,　考えた挙句に、アタシといることに　無理を　感じてしまったのか、、、とか色々　考えた。。。,,
　テニスは毎週選手たちに,色々,考える機会を与えるものだ。,,
「死んだら空になって,ずっと,ずっと美嘉を見守りたい」と言うヒロに美嘉は「空を見たらヒロを思い出す」と約束をする。,,
これはシェイクザイドロードから右にモールオブディエミレーツを見ながら,ずっと,ずっと砂漠の方面に向かって走ったところにあるインターチェンジのことを指しています。,,
,ずっと,運転してくれて、運転してくれてる間もずっと励まして楽しませてくれて、言葉で「ありがとう」ってことしか言えない自分がもどかしくてホントに今日は年下君のやさしさを一杯感じました,,
なるべくコンパクトでシンプルなＰＣデスクが欲しくて、,ずっと,ずっと探していたんだけど、これ！,,
上肢の重さが感じられなくなり、肩の押しつけがなくなるまで,そのまま,待つ、上肢を支持面にそのままおく。,,
　そのことを『般若心経』では、まず「色即是空」（「形あるもの」が、,そのまま,「空」である）と言って、すぐに打ち返して「空即是色」（その「空」はそのまま「形あるもの」である）と言っています。,,
　シャワーチェアの座面だけを切り離して,そのまま,吊り上げ、床に下ろしてからだを洗い、浴槽の中にそのまま入ってしまう方法もあります。,,
　「,そのまま,、そのまま！」,,
　ティウリは腰をおろし、,なんども,なんども目をこらし、霧のむこうを見とおそうとしたが、できなかった。,,
なんだって、あのおおかみ、『ぼくはこぶただあ』なんて、,なんども,なんどもいいはったんでしょうな。」,,
なんどもなんども断わられながら、おまえはやっぱり主に逆うことをやめないんだな！』,なんども,なんども断わられながら、おまえはやっぱり主に逆うことをやめないんだな！』,,
　一曲が完成するまで、,なんども,なんどもくり返して歌うんだ。,,
,何度も,何度も同じところをやって、何度も何度も失敗。,,
でも、きっとそれは,何度も,何度も何度も何度も練習してやっと成人する頃に身につく物なんだろうな。,,
映画のエンドロール（エンディング）で流れているような映像で出来ていて、それが,何度も,何度も繰り返し流れるんで、翔くんに何度も何度も会えるんですよ〜。,,
ベルが,何度も,何度も何度も何度も―二十回くらい鳴ったの。,,
何かを愛するということがこん,なにも,大きな力を発揮し、こんなにも心を喜びで満たすのです、そう言ってみたかった。,,
六年の間、北京がこん,なにも,すばらしく、また、天安門広場がこんなにも人の心をうっとりさせてくれると感じたことはなかったような気がした。,,
「夫のほうは、子どもはとにかく,なにも,かも知らなくてはいけないし、それになにもかも見なくてはいけないとさえ言い立てています。」,,
なにもしないで、なにもしないで、自分を正当化しようとしてる！！,なにも,しないで、なにもしないで、自分を正当化しようとしてる！！,,
しかし、,何も,しなければ何も始まらない。,,
自分ひとりでは,何も,できず、何も決められなかった瑠美子が、大きないくつもの厄災をくぐり抜け、たくましい家長になったということだ。,,
自分ひとりでは,何も,決められないし、何もできませんでしたから,,
　,何も,かも…たぶん何もかもが分かりました。,,
　遊びじゃないように先刻お言いだったが、今の鮒なんか何にもなりはしない、,やっぱり,遊びじゃないか。,,
「,やっぱり,あのジャンプ。,,
自然に返すのも,やっぱり,マナー,,
５暴投もあり「いまいち乗っていけなかった」と首をかしげたが、「完投は,やっぱり,うれしい」と白い歯を見せた。,,
主な有名人のゴールタイムをみると、,やはり,、東国原知事のように走りこんでいる人は３時間台だし、そうじゃない人はやはり４〜５時間台のタイムですね。,,
　でも、,やはり,この映画の見所は、レビューでも書いたけど、やはり、堤さんの演技力だと思いますよ！,,
,やはり,おかしいでも母はやはりにらんでいる,,
言語の体系が異なる以上、完全な翻訳は分可能だと私は言ったのだが、よく考えてみると、,やはり,とｙｏｕ　ｋｎｏｗとでは、やはりどこかニュアンスが違う。,,
　「,矢っ張り,一つ造らなければ駄目かなあ」と云って、百鬼園先生は暗然とした。,,
（ああ、,矢っ張り,クリトリス派か）,,
矢っ張りここが大切だ」,矢っ張り,ここが大切だ」,,
僕は何か叱られるんじゃなかろうかと思って、恐る恐る出頭したが、,矢っ張り,揮毫の件さ。,,
　「わたくし、それはよく覚えて居ります」小間使は,矢張り,おずおずした口調ではじめた。,,
十二月の初めに来る時には、裾の短い茶色の道行きを著て,矢張り,白足袋などはいている。,,
して、彼は思い付いた様で、女性ならば、香水瓶等如何かな、半盲と云うと、,矢張り,薄幸なのだろうと想定出来るが、如何なのかと問いながら。,,
僕個人としては、神秘的で美しい色だと思うのだけれども、世間的に言うと,矢張り,、可笑しかった。,,
これは、馬の入,きゅうに,際して売買契約書の添付を求めている日本中央競馬会が、その便宜のために作成している契約書のヒナ型に記載はないことの反映と思われる。,,
　エンジェルは,きゅうに,恥ずかしくなった。,,
夢中で歩いていたあいだは気にならなかった空腹が、,きゅうに,たまらないひもじさとなって襲ってきた。,,
　だから、彼女はたいくつして、大声をあげてわめいたり、そうかと思うと、,きゅうに,ふさぎこんだりするのだった。,,
国内初の特,急に,は「富士」，同区間を走り後から生まれた特急には「櫻」と名づけられ，翌年からは東京―神戸間の超特急「燕」もなかま入りしました。,,
しかし、一瞬、離そうとした手を、ぎゅっと上から力をこめて握りしめさせると、,急に,人格が変わったように、あるいはプラスとマイナスの磁石が引きつけ合うように、その手は動かなくなり、息を呑んでただじっと彼の目を見つめ、急に荒々しい息遣いになった。,,
そして、さっきアーチボルド・クレーブンを,急に,気の毒に思ったように、こんども急に、気の毒に思う気持は消えて、いろいろ気の毒な目にあったのもあたり前の、いやな人だと思われてきたのでした。,,
　頭を懸垂させた位置から,急に,起こして座らせたときの眼振、座った姿勢から急にあお向けに寝かせて頭を懸垂させたときの眼振を観察します（七十一ページ）。,,
,じぶんで,　おもって、じぶんで　てれちゃった。,,
　ダネールは,じぶんで,ブドウ酒をコップになみなみとついで、つづけざまに二はいのみ、いすから腰をあげて、,,
,じぶんで,はなんにも見つけられずに、すきっ腹をかかえているがいい」,,
この若者は,じぶんで,は何も決定できない。,,
　３歳くらいになると、「ジブンデ（,自分で,）」と何でも自分でやりたがるかと思うと、あるときは「ママやって」と言ってくることがあります。,,
これからは、,自分で,考え、自分で決定する力を持つことが、より大事なことになっていくにちがいない。,,
　人生の師は,自分で,求め、自分で探し、自分が出会い、自分の目で確かめ、自分自身の意思で託身するか否かを決定しなければならない。,,
それを,自分で,考えて、自分で選ぶこと。,,
この姿勢は十五世紀の半ばにはやや緩和されたが、女性が,できるだけ,すぼめた肩と、できるだけ長く細い首に座った頭を前に突き出すものである。,,
ベッドから出た彼は、,できるだけ,正確なデンマーク語を思い出そうと努力したのち、それをできるだけ明瞭な発音でいった。,,
そこで，網を曳くときには袖網が袋網から遠ざかるように,できるだけ,外側へ広げ，追い込むときにはできるだけ大まわりに囲むようにして，魚を袋網の口へ移動させるように曳網方法もくふうした。,,
　たとえば，廃棄物ができてから処理するのではなく，,できるだけ,廃棄物ができない工程とすることを目指したり，原料物質にはできるだけ，再生可能な木材・繊維・ゴムなどの植物資源を活用したりする。,,
,出来るだけ,沢山教へて出来るだけ沢山覚えさせようとします」,,
　事実を,出来るだけ,正確に伝えるよう努めるのが、報道の根幹であり、責任だ。,,
,出来るだけ,体を低くしてプローン,,
仕事柄、会社からはよく出張するし、自分も地球の上を,出来るだけ,たくさん動いてみたいので、家族はいないほうがいいというのがおじさんの考えらしいと少女は思っている。,,
　高野山と密教という見方をすると、密教思想、,とくに,空海の密教思想というものが現代のあらゆる思想に断片的な影響を与えていますが…ここでこれを解剖してみますと、深い多様性のある問題があると思います。,,
,とくに,研修、出張は手ごたえが大きく、大収穫です。,,
,とくに,年上、先輩、先生との交流は大いに盛り上がります。,,
　１月の月齢でおうし座にストレートに影響するのは満月で、○二十五日の満月は、,とくに,４月二十六日前後生まれのおうし座に強いインパクトを残します。,,
回答者に対して，職務上直接権限をもつような立場の者（,特に,看護部長，師長などの管理職の者）が調査を行なう場合には，特に配慮が必要である。,,
反回神経，,特に,左反回神経（＝左下喉頭神経）は胸腔深く大動脈弓にまで至るため，左胸腔の肺癌（特に上葉）の侵襲を受けやすい。,,
　企業側，,特に,経営者の考える定義と，外部環境，特に消費者の認識の間には，どうしても差異が生じるものです．,,
勢力争いに明け暮れる先王の親戚、,特に,アンジュー公ルイとブルゴーニュのフィリップ豪胆公が主導権、特に王の財宝の管理権をめぐって争い合う。,,
こういう点で、今まで,はっきり,しないと言っていた人に対して、これははっきりするよ、はっきりこういうふうなことですよというふうなお話をすることがしやすくなると思います。,,
将来が,はっきり,してるからって幸せとは限らないし、そんなにはっきりしている人なんねいるにはいるけど、はっきりしていない人のほうが今多いと思うよ！！,,
　その夜、「主婦の部屋に這入っていった男」と「暗室から出て来た男」を「私」は目撃し、前者は「主人」だと,はっきり,したが、では後者の、「暗室から出て来た男」が誰かははっきりせぬまま、それが「私」をいっそう苦しめる。,,
,はっきり,した証拠はないのですが、いまも病院のやりかたに凄く批判的で、いずれはっきりさせる、などといって…」,,
たった,ひとりで,情報源を開拓し、たったひとりで取材相手に食らいつき、たったひとりでスクープをものにしてきた。,,
,ひとりで,働き、ひとりで子育てする。,,
誰が管理してくれるわけでもなく、,ひとりで,仕事を選び、ひとりで仕事をこなしていく。,,
子どもが,ひとりで,考え、ひとりで行動する範囲が広がっていけば、その分だけ自分の自由度も増していくと考えている。,,
もしかしたら,一人で,まわらなきゃいけないのに、一人で体重はかって一人で発狂？,,
,一人で,事を進めようとすると、すべてのことを一人でやらねばならなくなり、忙しさに首を絞められかねない。,,
「私はいま,一人で,も多くの手助けがほしい…あの王宮の中で信じることのできる人が、本当に一人でも多く必要なんだ」,,
　なんだか,一人で,世界を作って、一人で納得していることが多い。,,
　人間は,独りで,生まれてきて、独りでこの世を去っていくものです。,,
「何でも興味を持って、なるべく,独りで,する。,,
歯科医だった父は、,独りで,仕事をしてたけど、腕が良くて自然に人が集まってきた。,,
　配偶者も子もなく、たった,独りで,老後を送る―近い将来、そんな人が激増するだろう。,,
みずほＨＤは連結対象の千葉興業銀行分を含,まず,、りそな銀ＨＤも近畿大阪分を含まず。,,
その最強軍団はシーズン序盤を終えたここまで、,まず,まずの成績を残している。,,
　最終回視聴率十九．四％（ビデオリサーチ調べ／関東地区・以下同）と,まず,まずの健闘をしたドラマ『美女か野獣』（フジテレビ系）の打ち上げパーティの様子を制作スタッフのひとりはこう語る。,,
足を見せるためには、,まず,一塁へ出ることですから、まずそれを目標にします」。,,
　暖房が効いた部屋から戸外へ散歩に出る時には、,先ず,、部屋の温度を二十℃くらいに落として二十〜三十分経ってから戸外へ出るような注意をしたいものです。,,
しかし工作器具を前にしているということは、,先ず,皆無といってもいいだろう。,,
　それよりも,先ず,は空腹を満たすことにして、そこから見える何やら由緒ありげな「山陽楼」という店へ入る。,,
,先ず,弁護士の柳沢。,,
ああ、,やっと,来た、やっと登れた。,,
確かに冬ソナってね、なんかドラマのシーンが多いので当たる時はしんみりして良かったなぁって思ってしまいますけどあれは,やっと,当たったのとストーリーのやっと出会えたみたいなのがかぶってるなんて思うのは私だけかしら・・・,,
ずっと下までサイトを見ていて、,やっと,、やっと・・・曲ダウンロードの文字が！,,
来年の４月に,やっと,七百人ほど入るサイズのモスクができるということで、やっとイスラム教徒たちからの苦情などがなくなりそうだ。,,
,じつは,老人も病人も死者も、そして最後に出会った沙門も、天人の変身であったと仏典は言っています。,,
,じつは,狂おしいものだが、つねに歴史的に標定できるアレンジメントたち。,,
謗法者を排除する日親の不受の論理が、,じつは,寄進や安堵がはらむ中世的な論理に基づくことがわかり興味深い。,,
　私達肉体人間には,じつは,無限なる能力が内在しております。,,
山蔘の,実は,、未熟なまま山鳥に食べられると、山鳥の熱い胃腸を過ぎる間、ある化学的変化が起き早く芽が出ることもあるが、山蔘の実は、山鳥が食べる前に野ねずみに食べられることが多い。,,
コウモリは数多くの熱帯樹木の受粉を行っており、カポック（その,実は,家具の詰め物に使われる）、バルサ、それに評判の悪いドリアンなどがこれに含まれる（ドリアンの果実は下水か汚れた靴下のような臭いがするけれど、東南アジアでは美味とされる）。,,
いろいろな実験をしてみますと,実は,と、こうなるわけでありまして、通勤時間帯等で、実は平成十五年度、いろいろな実験をしてみました。,,
これは、示達書が,実は,外に出ているということでありまして、大蔵省としてはこれは実はある意味では、守秘義務のかかっている文書なんです。,,
そのなかの第二集、『創生の時』（ダイヤモンド社刊）で、中内さんがドラッカーに、「あなたはどうして、,そんなに,いろんなことを知るようになったのか、そんなに大きな人間になったのか」ということを質問しています。,,
　森は,そんなに,遠くないし、屋敷からさえ出ることができれば、そんなに危険だとは思いませんが」,,
局長によく似た方は,そんなに,もないし、私に似た者もそんなにもないですよ。,,
おれって,そんなに,元気がないのか、そんなに男性としてダメポなのか。。。,,
,たとえば,、エアコンの温度設定とかたとえば、洗剤を変えるとか・・,,
,たとえば,、リサイクルをがんばるとかたとえば、エコバックを持とう！,,
　私どもが聖書について学びます常識からすれば、マタイによる福音書は、,たとえば,ルカによる福音書とは違い、特にユダヤ人のために書かれたということになっております。,,
,たとえば,皆さんはお気づきではないかもしれませんけれども、日本語にも「愛」という言葉があります。,,
その結果、,例えば,二十二歳大卒平均では本人給（年齢給）が約十三万円から約十五万円に増え、評価制度に基づく職能給は、約６万円から約３万五千円に減った。,,
（地震で建物にかかる力の係数は）通常１．０で入力されているが（偽造の手法は）そこの部分を,例えば,０．５とか０．４とかに低減し、地震時の応力を少なくして偽造した。,,
,例えば,「ここ数年の体育の日は雨が多い」など、気象にまつわる「へーっ」と思わせるデータをさがす。,,
,例えば,、歌の中盤に「何もないこの世界に　僕たちは何処（どこ）から来たのだろう」という自問の一節がある。,,
,ちょうど,　いい　大きさ、ちょうど　いい　おもさの　石だと　それを　くわえて　とんで　いきます。,,
　「,ちょうど,（勝率）５割で甲子園で出直しや」,,
　「十年間の時間をください」と言って上京してから、,ちょうど,十年目の昨年、約束を果たして五輪に出場できたし、メダルも取れた。,,
,ちょうど,そのころ、Ｋ‐１にボクサーの参戦が相次いだ。,,
なのでやっぱり、抜く＆カットで整えるくらいが,丁度,いいと思うけどな。,,
そうか、,丁度,お正月だから、いただいたおハガキから抽選でお年玉をあげちゃおうかな。,,
,丁度,よかった。,,
,丁度,よいところへこられた。,,
,どうぞ,、本部どうぞ…こちら斥候の《イ》、現在位置、海岸口一号石室、異状なし、どうぞ…そのとおりです、不審の者、発見できません、どうぞ…そのとおりです、全員四名です、どうぞ…了解しました、失礼します、どうぞ…」,,
どうぞ　どうぞ　どうぞ　どうぞ　『庵』へ　おいでなすってえ　,どうぞ,　どうぞ　どうぞ　どうぞ　『庵』へ　おいでなすってえ　,,
「,どうぞ,」と初老の男性に席を勧められて「いえいえ、どうぞお座り下さい」と言ったのですが「いや私はいいですから、どうぞお座り下さい」,,
　ラウンドの最初のティ・ショットでオナーを決めるとき、「,どうぞ,、先におやりください」「いやいや、あなたから」「部長、どうぞ」とか、「年齢順でいきましょうや」などという人がいる。,,
引用文中にある意識の「実体」とは、,もちろん,脳と理解してよいであろう。,,
ここで「戦争」（西南戦争などは文字どおり戦争であったが）というのは、全体としては,もちろん,抗争の比喩である。,,
,もちろん,、すべての文をここまで分割する必要はありません。,,
,もちろん,、基本ルールといっても、絶対的なものではありません。,,
　「,勿論,、女生徒は素っ裸で着替えているわけではなく、あらかじめスパッツを穿いたり、Ｔシャツを着たままで着替えたりしています。,,
それ故、内容の充実は,勿論,望ましいけれども、一方何処までも「親しみ」「懐しみ」といふ雰囲気は失ひ度くない。,,
インポートのセレクトセンスは,勿論,、ダブルハード等のドメスティックブランドにも注目したい。,,
　「,勿論,、御自由にお帰りください。,,
うちの美術館で雪佳を展示すると、若い世代の人たちが,おおぜい,来てくれます。,,
支所単位で開催され、地域住民がこぞって参加する「ふれあい祭り」や、家族づれが,おおぜい,集う「親子フェスタ」での活動とともに、部会員数の拡大をはかっています。,,
こぶたたちにしてからが、ともだちは,おおぜい,できたし、いまでは、まい日がしあわせそのものなんですからね。」,,
　おかげで、うさちゃんのほかにも、,おおぜい,、ともだちができて、こぶたたちは、おおよろこび。,,
スタントマンのトムは,大勢,の観客の前で、電気を放出する装置を使い、五十万ボルトもの電気を体で受けるパフォーマンスを披露。,,
十日、中国広東省広州で、抗議行動する,大勢,の反日デモ隊（ロイター＝共同）,,
新潟駅には,大勢,のサポーターが見送りに駆け付け、ＧＫ野沢洋輔選手は「汗をかいて、（３回目で）生活にも慣れているので、サッカーに専念したい」と意気込んでいた。,,
「戦争をしても、残酷な死に方をする人が,大勢,出るだけ。,,
幸い、武帝の中頃までのことは司馬遷の『史記』に詳しく記されているので、前半はそれを,だいたい,踏まえ、その後百年分のことを付け加えれば、だいたい基本はできあがる。,,
「もう、,だいたい,でいいよ」っていう中国人クラスメートたち・・・私も同じく、だいたいでいいタイプなんだけどサ、いいのかそれで〜？,,
　一方、女のコと称せられるお嬢さんに聞くと、車持ってる大学生って、,だいたい,アタマの程度はよくないわね、中には真面目な人もいるけど、女のコ乗せてる連中はだいたい駄目ね、あたし達に利用されてるってことに全然気がつかないのね、そして共通して男らしくないのね、という話であった。,,
今の,だいたい,八時なら、朝でも夜でも五つ、だいたい二時なら八つとなります。,,
,大体,日本の海軍は米英二国を一度に向こうにまわして戦争するようにはできておりません。,,
横浜、川崎は、,大体,、東京とこみで焼かれている。,,
　,大体,、東条は昭和十六年に真珠湾攻撃で開戦するでしょう。,,
大隈の其後を襲うや、その方案の,大体,は井上案を基とせり。,,
ところが、,あるいて,も　あるいても、ふかい　森ばかりで　なかなか　山から　おりられません。,,
　じいちゃんは顔をまっかにしたまま、いそいでかえり道を,あるいて,いったけど、もぐらとしんごは、声が村じゅうにひびいてるとはしらず、はなしをつづけていた。,,
ボーゼンとしていると、彼は先に数歩,あるいて,「はよ来い」って、手をさしだしてくれるの。,,
雲水のくせに脚絆もはかず、毛ずねをまるだしにして、ずしずしと,あるいて,ゆく、左足に槍きずがあるのがめだった。,,
今までは下を向いてもじもじ,歩いて,いたけど、顔を上げて胸を張って歩いてみたら、ちょっと自信がわいてきた。,,
雑貨屋巡りが大好きなので、臨月に入った今でも、１時間以上,歩いて,キュートな赤ちゃんグッズを探し歩いている。,,
店内を,歩いて,みて、座ったり階段などを歩いてフィット感を確認します。,,
パリ事務所を引きうけていたマリア・アイスナーが結婚してニューヨークへ引っ越してしまったので、キャパは「ランカスター」から,歩いて,十分ほどのフォブール・サントノレ通りの事務所へ歩いて通っていた。,,
するといつか馬はぐるっと,さっき,の小高いところをまはってさっき四人ではひって来たどての切れた所へ来たのです。,,
　「,さっき,の君の話では、誰もまだ、ちゃんと名前を呼んであげていないように思えたんだけど。,,
　この際、勇気を出して、,さっき,あげた三つのうちの何かを変えるために、一歩動いて、専門家に相談してみるといいと思います。,,
さっき渡した名刺に携帯の電話の番号も刷ってあるから連絡はいつでもつきます」,さっき,渡した名刺に携帯の電話の番号も刷ってあるから連絡はいつでもつきます」,,
マイちゃんも、,だんだん,　だんだんだんまりいしだあ。」,,
それが、人間というものを見据えるうちに、,だんだん,だんだん厚みを増し、透明度を加え、今では完璧に透き通り、まるで存在しないかの如き態を成している。,,
「,だんだん,、だんだん、だんだん・な！」,,
それでも　太陽ジリジリ　,だんだん,だんだん　暑くなってきていました。,,
　さっきから、遠雷のように聞こえていた音…実は、,段々,大きくなり、段々近づいてきており…ついに、岸和田美術館の、第六室の、たった二つしかない、外へと続く部分が、爆発した。,,
だが、一カ月、二カ月と続けていくと消費カロリーは,段々,少なくなる」,,
　書いてて,段々,恥ずかしくなってきたので、この辺にしますが、こーいうワケで、以前の作品は天空剣を持っていながら、胸パーツはそのままというシチュエーションで造形しました。,,
という感じでしたけど、,段々,と焦ってきましたね。,,
６年生になる長女は、とても甘えたでしたが,段段,と自然に離れていっていますよ。,,
私は,段段,息苦しくなつてもう帰り度いと思ふ。,,
　廊下を歩いて行くと,段段,狭く暗くなつて足もともわからない。,,
　,段段,行く内に蘆の脊が次第に高くなつて来て、私の頭の上に小さな葉の擦れ合ふ音がするやうになつた。,,
西澤が,たぶん,すごくよかった（笑）、ためをつくり、ボストができ、たぶんディフェンスもしてた,,
三つ目、,たぶん,ご愁傷様だと思う、たぶん＾＾；,,
,たぶん,…たぶんね…その試合で、ママが見ている前で、僕が初めてヒットを打つからです！」,,
だからその、「作家」的な要素っていうのは確かにあったんで―「作家主義」っていう言葉も、,たぶん,この位の時期から広がり始めたんで―ダニエル・シュミットとかフェリーニとか、そういう「作家」的なところで僕なんかもやってたんで、たぶんそっちからかもしれないですね。,,
私がこの壮挙ないしは暴挙にあえて乗り出した時、一番するどくその危険を突き、かつまた、,多分,もっとも私の勇気を怯ませる効果のあった評言は、多分、ドナルド・キーンの言葉だった。,,
多分、永久にこない三日後だと思うが」,多分,、永久にこない三日後だと思うが」,,
　ウサマ・ビンラーディン氏の消息については「私自身の意見をいうなら、,多分,死亡しているのではないかと思う」と語った。,,
だから,多分,、本物のグミを知らなかったのだろう。,,
放火したなどという流言から無辜の人を,ずいぶん,殺し、日本人までもムザ〳〵殺したのがずいぶんおびただしいそうです。,,
用例「おはら節は有名だが、煙草は,ずいぶん,肩身の狭い思いをしているね」「今までずいぶん儲けたからいいさ」。,,
　当初は「オペラ歌手になるには声が細すぎると,ずいぶん,言われた」。,,
最近、学校へ民間の方が,ずいぶん,ボランティアで教えに行っている。,,
後藤博子（大分）　ここに至るまで,随分,悩んだし、正直、最後の最後まで悩んだ。,,
　ここ数年間で、犯罪被害者の処遇は,随分,改善されてきた。,,
「犯罪被害者の処遇は,随分,改善されたが、救済にはまだ程遠い。,,
その後の「抜糸後テープ固定」により、傷口が開かないので、今より,随分,目立たなくなります。,,
「絶頂期の文明を経験した,あとで,、その死に敬意を表すためにすべてを犠牲にしたあとで、いまや崇拝された王の永遠の住まいが略奪され、冒瀆され、侵害され、その息子の死体が外国人の薬にされるのを見ることを強要されているのだ」,,
このようにして、この愛もまた、ジルベルトへの愛の前例から私が予見したものとは途方もなくかけはなれた,あとで,、じつに長い、じつに苦しいまわり道を私にさせたあとで、ジルベルトへの愛とまったくおなじように、ただそこには多少の法則外もふくめて、結局は忘却の一般的法則に帰することになってしまうのであった。,,
　,あとで,記者会見するから。,,
,あとで,案内するけど、うちを建て増ししてペンションにしたの。,,
　その嘉平治と言ふのは、私の所へやつて來てから、前,後で,十五年にもなるが、北海道から渡つて來た男で、素性は元より只の平民だが、越後で産れたと言ふことで、確かに彼は、天下無類の律義者であつた。,,
一方，目黒区立守屋図書館では「その場で解決」が六十三．八％，「,後で,解決」が二十六．一％，浦安市立図書館でも「その場で解決」六十九．七％，「後で解決」二十一．一％となっており，これも優れた評価です。,,
寸法はどちらも幅（トンネル方向）が〇．六メートル〜一．二メートル前後、弧長が三．〇メートル〜四．五メートル前,後で,、厚さは平板形が二十五センチ〜五十センチ前後、箱形が三十センチ〜五十五センチ前後である。,,
　１つは，確定日付の先,後で,決するというものであり，もう１つは，通知の到着日時または承諾日時の先後で決しようというものです。,,
うちのおじいちゃんが入れ歯を外すのを見た妹は、自分も歯を外そうと、,いっしょうけんめい,引っ張っていたよ。,,
　クラリンは、あきらめずに、,いっしょうけんめい,しゃべりました。,,
っていわれて、,いっしょうけんめい,けいさんしたんだけど、とうとうわからなかったよ。,,
　,いっしょうけんめい,答える悠由に、ルナはふっと笑みをもらす。,,
,一生懸命,家のために働いてるし、一生懸命仕事してるし、こんだけ一生懸命やってるのにと。,,
自分達の掃除までも他の者がしてくれているから、どうしても,一生懸命,に大砲の訓練をやらなければ済まないとの気持ちから、一生懸命研究して訓練に励んだ。,,
「会社のために,一生懸命,尽くしてるし、一生懸命仕事してるし、何が悪いんや！」,,
この仕事が好きで、,一生懸命,技術を磨き、一生懸命に働いている人にも申し訳ないではないか。,,
２ヵ月半といえば乳歯が,そろそろ,抜けるかなぁ、永久歯がそろそろ生えてくるかなぁ・・って時期ではないですか？！,,
もう,そろそろ,あの美人ちゃんがやってくるかもしれないから、君はそろそろ捌けて。,,
　その二年後、協会幹部や席亭（寄席オーナー）の前で一席披露する“試験”制度が取り入れられたが、それも取りやめになり、現在では協会理事会、あるいは席亭が「,そろそろ,彼を真打ちに」と推薦、話し合って判断している。,,
やかましかったセミも,そろそろ,元気がなくなってきたのか、水音があたり一面を覆う。,,
　,ときどき,やってるんですよ（笑）。,,
肖像の「人選」にも、その,ときどき,の時代性や社会性が反映されるのは興味深いことだ。,,
　このように、,ときどき,世相を浮かびあがらせながら、エロスを描いていくが、なかでも、芸者が蚊帳の中で男と交わりながら喘ぎ、燃えていくシーンはなかなかの迫力があり、みな固唾をのんで見詰めている。,,
別れ際の,ときどき,遊びにいらっしゃいという言葉を頼りに図々しくお邪魔した。,,
人生は、,時々,晴れ,,
香奈子は子供の頃から、味噌汁の中に入っているアサリにも,時々,こうして小さな蟹が入り込んでいるのを見て、母に聞いていたのだ。,,
ビンラディン氏が,時々,発表するビデオテープなどから所在を突き止めようとしても、頻繁に場所を移動しているため不可能だと指摘した。,,
私も歯ぎしりしますし、子どもたちも,時々,、幸せそうにすやすや眠りながら歯ぎしりしています。,,
　段段私も機関学校に馴れ、それに従つて、,時時,遅刻し出した。,,
　陸軍でも海軍でも、軍隊の学校には、,時時,検閲がある。,,
　,時時,は、前日の木曜日の晩に横須賀に出かけて、水交社に泊まつた。,,
,時時,、リクエストされることもあるんですが、残念ながらできません。,,
たとえば「,はやく,もうし込んだ人勝ち」「はやくできた奴順」では，「はやく」にアクセントの谷ができる。,,
さ、,はやく,はやく。」,,
もう限界、げんかい、だ、よぉ…,はやく,、はやく放してぇ,,
,はやく,答えれば、はやく家に帰れるんだから。,,
　“院長先生に一日も,早く,診ていただきたい…、早く早く”,,
もし火災が発生してしまったら、「,早く,百十九番通報」「早く消火する」そして「早く逃げる」の３原則にしたがって火災から身を守ってください。,,
不毛の議論が繰り返されて、ただ時計を見ながら,早く,通せ、早く通せという、早く通せば何か成績が上がるかのような国会審議のあり方というのは、国民はさめた目で見ているのじゃないでしょうか。,,
国内法に定められておる、この特別措置法によれば、できるだけ,早く,掘削義務を与えて早く掘り当ててくれと、掘り当ててできたならばどんどん早く開発してくれと、こういう精神がこれは特別措置法の精神でしょう。,,
しかし、今回は、普通の少女を描く映画として始まった作品ですから、,速く,走れちゃうというより、速く走ろうとしている感じが出ているほうがいいと思ったんです。,,
やや予定より時計は,速く,なりましたが、跳びが大きな馬なので、体感より速くなるんです。,,
,速く,考え、速く動く力を身に付ける必要がある。,,
郷ひろみの「愛より,速く,」っていう新曲がありますが、「愛より速く」とは、どういう意味なんでしょうか？,,
よく見るのが、すごくできる人間がすごいと言われていて、いや、,ぜんぜん,と答えているところで、私は絶対に、いや、ぜんぜんと思っていないだろと思います。,,
いずれにせよ、白,ぜんぜん,駄目そうです,,
後半は良かったと思うんですけど前半が不甲斐なさすぎたし、最終戦が,ぜんぜん,パッとしなかったですね。,,
　オレはユリとつき合って、絵だって、セックスだって、,ぜんぜん,上手くなっていない。,,
とりあえず、山下きゅんが何であんなに思い詰めてたのか,全然,ワカンネｗ　先週、チームワークの良さを見せ付けてた加藤機関だけど、仲が良いなんてことは全然無かったぜ。,,
が、アジトにて再読した原作漫画（全７巻）は,全然,違う内容です（といっても剣と魔法と竜と半裸の女の子のハナシでは全然ありませんが）。,,
社長はアクティブな人だから徒歩二十分なんて,全然,平気だし、他の社員さんにいたっては電車通勤なんて全然しないんだもん。,,
映画の方は最初のが,全然,面白くなかったので全然興味がありませんがゲームの方は新しいのが出るとやりたくなります。,,
中には地上生活に関する査定では,なかなか,良い評価をされても、確信と信念とかの問題になると、ああでもないこうでもないと、なかなか定まらない者もいます。,,
ほら、ここんところお互いに忙しくて、一緒に話す機会が,なかなか,なかったじゃありませんか」,,
これは,なかなか,見事で、他の民族にはなかなか出来ないことですよね。,,
ただ、,なかなか,チビやるな〜〜と思ったのは「アイオライト」もですが最後にきっちり入れて当たり前〜〜な感じで「水晶」を言ったのが、なかなか・・と思いました,,
なるべく満遍なく　まこうと思うのですが今日は人が多く,中々,行き渡らなかったと思いますし遠投は中々届かず・・。,,
いやぁ〜、、,中々,、、中々、、なんですよ、この映画。,,
最後の出産して３年後が丁度三十歳の誕生日だったんですが、それからは疲れが,中々,取れなかったり、中々寝付けなかったりとしました。,,
フロリダって湿気が多いから,中々,乾かないんだ、コレが。,,
一度堕ちると,中中,戻るのは難しい。,,
天台宗からの排撃を受け、,中中,に苦労している。,,
補充教材の方は、調整に,中中,苦心を要するから、少しおくれて本年末位までには逐次発表されることにならう。,,
　画面上部の賛（絵に寄せる言葉）は、曇芳の法嗣（法を嗣いだ弟子）である大,中中,建の依頼により、曇芳の曹洞宗時代の同門、無外円方が書いたものです。,,
そこでは最初の一群との対応を,たくさん,見出すであろうが、共通の特性がたくさん姿を消して、別の特性が現われてくる。,,
その人がそこに至るまでに、,たくさん,の人が知的に積み重ねてきたもので、「自分が見つけた」と威張ってみても、先人のたくさんの業績の上に成り立っているにすぎない。,,
とにかくプリントを,たくさん,やらせるとか、とにかく計算をたくさんやらせるとか、いわゆるスパルタ方式でしたから、どうしてもうまくいかない。,,
　人より,たくさん,道を進んでいますから、人よりたくさん経験もできます。,,
身近に桜が,沢山,あり、関心がなかったのですが遠方の人の目で見ると小さな豊川市にも素敵な桜の木が沢山あるなと今、気がついた次第です,,
携帯の待ち受け画面を,沢山,欲しいんですけどパソコンからＳＤカードに移して待ち受け画面にしたいのでいが沢山写真等が乗っているサイトを教えて下さい。,,
公開だったり非公開だったりして、,沢山,の質問をさせていただいてきましたが、質問をする時っていうのは、なるべく沢山の方の知識・意見等を聞きたくて出すんですよね。,,
大変なことも,沢山,ありますが、それ以上に得るものも沢山あります。,,
囲炉裏ばたでは、,いちばん,いいところにすわり、鍋のネバネバにはいちばん先にハシをつけ、いちばん風呂に入った。,,
「善良なコンスタンツェは家庭の殉教者で、,いちばん,心根がやさしく、いちばん聡明で、要するにいちばんよい娘です。,,
いちばんの　いちばん　かわいいんだから。」,いちばん,の　いちばん　かわいいんだから。」,,
　かつてその瞳を世界中で,いちばん,すてき、マーティンの金髪は世界中でいちばん魅力的、と思ったものだった。,,
三月から「,一番,年長で、一番下っ端」の見習として勉強中だ。,,
「朝,一番,、“天然の冷蔵庫”で冷えたスイカが一番おいしいね」と石川さん。,,
　「そこで私は此際、思ひ切つて世界中で,一番,いい言語、一番美しい言語をとつて、そのまま、国語に採用してはどうかと考へてゐる。,,
勝てて悪い相撲じゃないので、徐々に自分の相撲を取り戻せるよう,一番,一番大事に取っていきたい」,,
　　　　　　　　　　　　　　では、このお風呂本のお気に入りＰのつづきは（,まだ,読んでないＰもいっぱいあるから、まだまだ出てくる余地アリ♪）,,
バドミントンは,まだ,誤魔化せて出来てる様に見えますが、野球はまだまだ無理と思えています。。,,
今の気持ちは、,まだ,日本に帰りたくない、まだまだ現実逃避を続けたい。,,
以前よりは負けない、あきらめない、強くなる、その気持ちは大きくなったつもりですが、やはり、心の片隅では,まだ,弱いところがあるようで・・・私はまだまだですね。,,
ユリを気持ちよくさせてあげられているかどうか、,未だ,に自信がない。,,
そこへの道のりは決して楽ではないが、人々はゴールデン・ステートでも,未だ,に手つかずのブレイクを見つけることができるという。,,
　「今のところディフェンスを手伝わなくてはならない状況だが、俺は,未だ,に自分をＭＦだと見なしている。,,
経産新聞の亀田社長はスキャンダルのデパートのような人物で、実際、融通手形取引のことだけでなく、様々なスキャンダルで暴力団から脅されることになり、経産新聞とＫＣＷ社は,未だ,に脅され続け、今も融通手形取引から抜けられずにいるのです。,,
　しかし、下司には、偉大なもの、卑小なもの、,まっすぐ,でまともなもの、の区別がつかない。,,
　「天知る、地知る、己知る」と、いつも母から言われ、正直に,まっすぐ,育つよう教育されてきました。,,
カリスを,まっすぐ,に持たずに（あるいは、カリスの内側に指を置いたまま）運ぶならば、キリストの御血をおさめるカリスに寄せる尊敬が伝わりません。,,
自動車は,まっすぐ,に進み、村人たちはおずおずと後につづいた。,,
自分が,真っ直ぐ,立てれば入るパターだと思う,,
コース台の上には、一点の曇りもない,真っ直ぐ,な目をした北島がいるはずだ。,,
　旋回中のブレーキでは、ロックすると,真っ直ぐ,進んでしまう。,,
　だが、ユナは,真っ直ぐ,にユーゴックに駆け寄り、悲痛な叫びを上げる。,,
この直前に「,よく,師たり然る後によく長たり、よく長たり然る後によく君たり」とあり、むしろ前半は「教師となることが、君主の根本である」という意味。,,
よく走り、よく戦い、よく守りもした。,よく,走り、よく戦い、よく守りもした。,,
―,よく,食べ、よく笑い、よく走る。,,
よく食べ、よく練習するためか背はよく伸びた。,よく,食べ、よく練習するためか背はよく伸びた。,,
　そんなことはなかったと、わたしは思っております、それどころか、,あまり,に愚かであまりに滑稽なので笑うべきものとよぶ以外にはないあの部分が人類の生みの親なのです。,,
,あまり,はかばかしくないので、高麗人参を呑むことになりましたが、あまりの大金で、恐ろしくなります。,,
　いつもは、,あまり,感情を表に出したことのないこの女性がこのやうな顔をしてゐるのを、わたくしはあまり見たことがありません。,,
　現代社会では、大衆にとって政治が,あまり,にも〈遠く〉なると同時に、あまりにも〈近く〉なりすぎるという二律背反状況が生じた。,,
　「中継ぎ自体、注目されることが,あんまり,ないんで」と、藤川は照れくさそうに話す。,,
,あんまり,しゃべることもない勝ちやな」,,
そして、そういう人は得てして,あんまり,いい人じゃないのだ。,,
あんたってよ、自分の心の内を,あんまり,表に出さないタイプだろ。,,
リグニンも,余り,なく、糖化液の脱色も余り必要なく塩分も脱塩は大したことがないと思う。,,
一年,余り,の間に三府二十一県に三百余りの支部が出来た。,,
二家族共同で、義父がブーダーンで得た十五カッター（二千二百五十平米、二反,余り,）、および大地主シャンカル・マット僧院から解放された二十四カッター（三千六百平米、三反半余り）の農地を耕す。,,
「いつもいつも願っています」「,ぜひ,ぜひいらしてください」「きっときっと成し遂げられるはず」という具合に、想いを込める手紙では、副詞を２回重ねてみたい。,,
　相談内容といっしょにキミの大事な愛車の写真や、トラブルやチューニングの相談の箇所、もしくは、このへんから音が出ているみたいって感じの指をさしているようなモノなど、どんな写真でもいいので,ぜひ,ぜひどんどんいっしょに送ってちょうだいな。,,
いずれも「,ぜひ,ぜひ」おすすめの本です。,,
そういう活動に、石狩川流域だったら三百万本植樹というコンセプトも,ぜひ,そこにつけ加えて取り組んでもらえるように、各シェルパの皆さんも各自治体においてそういう意見をぜひ言っていただければなというふうに思うわけです。,,
十代の妊娠問題は、フリーセックスの,是非,、中絶の是非、公立学校での性教育の是非…等、多くのアメリカ人の神経をピリピリさせる問題がからむからである。,,
　前段は、まず人を死罪に処することの,是非,について、タカ派、ハト派両様の態度が提示され、次に両者の是非をめぐって論議はやかましいが、いずれにせよ、その判断は聖人でさえも決着つけがたいものであるとする。,,
この時の議会における論議は、国立療養所を設けることの,是非,より、ハンセン病患者への断種の是非をめぐって展開されている。,,
困っている方がいたら,是非,是非試してみてください♪,,
これは,すこし,、ほんのすこしではあるが、誇張だと思う。,,
呼吸を殺して一ばん端の障子を、しづかに、しづかに、,すこし,づヽ、すこしづヽ引き開けた。,,
,すこし,でも早く登ってみたいという気持ちと、すこしでもさきにとっておきたいという気持ちとが、山好き少年の小さな心のなかでたえず絡み合い、その葛藤が、憧れを大きくふくらませていった。,,
曲見（しゃくみ）　,すこし,しゃくれた顔の中年の女面。,,
結局、「,少し,ずつ」より「少しづつ」の方が少なかったので、「少しずつ」という事ですかね・・・,,
最近では,少し,便秘気味なので固くなってもう少しにおいがきついのですがなんというか、和風のものを食べさせたときには少しおだしっぽいにおいで、中華風のときはすっぱめで…。,,
舟に,少し,、自動車にも少し、そして魔法の絨毯にも少し似ていた。,,
ところが、,少し,でも早くから、少しでも高くに、少しでも多くをという効率思想がのりこんできますと、生活の場、生育の場であるはずのくつろぎの家庭が、工場や経済活動の場の雰囲気に変質してしまいます。,,
擬人化して話すと、バッテリーってのは「,ちょっと,使ってちょっと充電して」ってのを繰り返すと、その「ちょっと」の容量を「俺の容量はこれなんだ」と錯覚してしまいます。,,
で、「,ちょっと,お上がりくださいませ」ったら、「いいえ、あの…」「ちょっとどうぞ」ったら、「じゃ、ちょっとだけ」って言ったけど、かなり長くいましたけどね。,,
その方向で「もう,ちょっと,、もうちょっと、あっ、行き過ぎた、戻れ」という（笑）。,,
　,ちょっと,ちょっと！,,
駅まで抱きあって歩いた風が強く,とても,寒くかぜがつよくとてもさむくとてもさむくそのあといちど会った腕に触わらせてもらって歩いた,,
封筒には、【壊れ物】と印刷されており、安価で落札したのに、,とても,丁寧なお礼文と、可愛い押花の栞が同封されていました☆とても商品を大切に扱う、落札者を思い遣ってくれる出品者さんで、商品もとても素敵で、終始迅速で、この喜びを最大限に評価したいと思っています☆,,
,とても,幸せで、とても甘やかされていながらとても孤独だった記憶があります。,,
仕返しの場面の絵が,とても,怖いんだけど、テキストが痛快でかっこよくて、語り口にその怖さがとてもよくあっているんです。,,
,いっしょに,ヤブを切り開き、いっしょに種を蒔き、いっしょに収穫をする。,,
　しかし、前にいったように、古皮質と旧皮質は,いっしょに,して辺縁皮質とよんでいるので、古皮質と旧皮質をいっしょにして、「大脳辺縁系」とよび、脳幹系と脊髄系をいっしょにして「脳幹・脊髄系」とよんでいる。,,
苦みのある種を嚢の一つひとつの中から取り除く作業をし、房も果汁も,いっしょに,ミキサーにかけ、砂糖を入れて皮もいっしょに煮込めばジャムができます。,,
　母とアメリカ人の親友マリアンヌを招いていたため、卒業していく当人の私とは,いっしょに,行動できない母は、マリアンヌといっしょに行動することになる。,,
　「やっぱり、僕も,一緒に,プレーできたらうれしいし、一緒にいいチームを作りたいなという気持ちはあったので、セレッソに入団を決めてくれたときはうれしかったですね」,,
まだまだ危なっかしいところもありますが、みなさんと,一緒に,成長できるよう、オオゴシもがんばります♪　さぁ、オオゴシと一緒にプラモを作りましょぉ〜！,,
三月号の古書店主の座談会でも「ブックオフと,一緒に,されたら困る」という言葉が出ていましたが、ブックオフと一緒にされたら、我々もほんとうに困る。,,
　「ヘウンとは大学の頃からつきあい始め、結婚も考えていました。彼女もそれを望んでいると思っていたのですが…。僕は照明デザイナーとしての勉強をしたくてアメリカ留学を希望し、彼女も,一緒に,来てくれるものだと信じていたのです。でも、彼女は一緒には行けないと…。僕の帰りをここで待ってると言って、ついてきてはくれなかったのです。,,
彼女やフレイヤが機嫌を損ねたり、だだをこねたりした時に,いつも,トルマリンが見せる、困っているような微笑…それはいつも記憶の底にある、懐かしい表情でした。,,
いつも首に包帯を巻いているか、涼しい季節にはいつもタートルネックのセーターを着ている。,いつも,首に包帯を巻いているか、涼しい季節にはいつもタートルネックのセーターを着ている。,,
いつもいつも分別くさいなんて、ちっともおもしろくないじゃないの、ダイアナ」,いつも,いつも分別くさいなんて、ちっともおもしろくないじゃないの、ダイアナ」,,
　さあ、ど,いつも,こいつもそこいらの野良犬め、騒いでも追っつかんぞ。,,
　「その角を曲がって、右に、左、行って、まっ,すぐ,、郵便局があって、そこをまわって、右だから、まっすぐ、まわって、左に文房具屋をうしろから左、曲がって、右へ、まっすぐ…、わからなくなっちゃった」,,
太っていて,すぐ,息を切らすくせに、突然とんでもない速さになることがよくあり、連れの二人はたちまち後退して、母親は唇を嚙みしめ、娘を睨んで、この記録破りの駆け足が続くなら、私は今すぐ―いいこと、今すぐよ―家に帰りますからねっ、とひそひそ声で怒って言う。,,
２ヵ月半といえば乳歯が,すぐ,に渇くとか脱水状態に陥るなど、不足するとすぐに自覚症状が表れる。,,
先日も北海道で石油コンビナートの火災事故があったときに、千葉と神奈川それぞれのコンビナートの泡消火薬剤などを把握して,すぐ,に駆けつけられる協力体制をつくろう、と千葉県から申し出があり、私もすぐ賛同しました。,,
彼女は、この島で,はじめて,子どもになり、そして大人になる。,,
その結果、普段は見えないが、なくなって,はじめて,その商品が生活者にとってどういう価値がどれだけあるのかが見えてくる。,,
こうしたことは、従来から積み重ねてきた技術、ノウハウをベースにして,はじめて,可能であったという。,,
　ふるく飛鳥時代の欽明天皇のころ、,はじめて,仏教が日本に伝わってきた。,,
　以前、ブロードウェイの古い劇場に,初めて,足を踏み入れたころ、どうも、初めての感じがせず、（旧）新宿文化劇場と大して変らないなあ、と思った意味が、ようやく、わかってくる。,,
そんな人間が、生まれて,初めて,入院をして、初めての手術を受けるのである。,,
　７月には大学生になって,初めて,の試験があったのですが、さすがに初めてということもあって,,
皇太子ご夫妻に,初めて,のお子さまが誕生した翌日、天皇、皇后両陛下は皇居内の宮内庁病院を訪ね、秋篠宮家の眞子さま、佳子さまに次いで三人目の孫となる赤ちゃんと初めて対面された。,,
家族というのは、,ほんとうに,自分を大切に思ってくれる人、そして自分がほんとうに大切に思う人で成り立つものだ。,,
あんたのおかげで、,ほんとうに,、ほんとうにたのしかった。,,
仕事を辞める前は、ちょっとでも時間を作って習い事をしたり休みの日にはみんなでいろんなことをして遊んだり、,ほんとうに,忙しかったけど、ほんとうに充実してて楽しかったです。,,
　同郷のよしみというだけで、不断から、一方ならぬ、親兄弟も及ばぬ親切をして頂き,ほんとうに,ほんとうに有り難うございました。,,
,本当に,よかったなァ、本当によく頑張った、おめでとう”,,
しかし、今になってみると、あのときの一つひとつが,本当に,大切で、本当にありがたいことだったとわかる。,,
そのため、その人の周りにはイエスマンばかりが残り、,本当に,その人のことを思ってくれる人、本当に会社のことを思っている人材が離れていってしまうことになります。,,
佐和先生のお話は,本当に,人間社会の根幹からスタートしたお話だと、私自身伺っておりまして、非常に感銘の深い、本当にいいお話をしていただきましたと同時に、大変すぐれたオーディエンス、皆様方に温かくお聞きいただきましたことが佐和先生からいいお話を引き出すもとになったのではないかと考えます。,,
母が戸口の外に出て行くと、犬は彼女のほうに駆け寄って彼女の前掛けの端をくわえ、その前掛けを引っ張っては,また,放し、先に立って駆けて行き、また母のほうを振り返ってほえ、彼女に駆け寄ってまた前掛けの端をくわえるのでした。,,
　その人間を見ていると、その歪んだ姿形からさぞ波乱の多い人生を送ったにちがいないと思い、,また,身振り、雰囲気、歩き方、服装などが与える全体の奇妙な印象から、または深い眼差しから、またなぜとはっきりとは言えないのだが、心を強くとらえるものがあるゆえに、たちまちその姿に心奪われてしまうことがある。,,
こうして心情と感情は認識的にすべての悟性およびすべての理性にまさっていることがわかり、そうして,また,人間の無意識的な、ということは非反省的な精神性もまた、人間である彼自身が予感するよりはさらに賢く、また人間である彼が自分自身に思われるよりもさらに賢い。,,
その方向で「,もう,ちょっと、もうちょっと、あっ、行き過ぎた、戻れ」という（笑）。,,
,もう,ひとつは、いつもとても惨めなプレーをして、もう誰も彼のことを話題にしなくなるという方法である。,,
今どきの大学生だって、,もう,少しまともな外見の、もう少し広い部屋に住んでいるのではなかろうか。,,
濡茶巾を,もう,ひと折りし、最後にもう一度左から右へ拭き、たたんで茶巾入れへ。,,
つぎはどうなっているの、と先を急いだらどんどん読んだほうがいいし、一ページずつ,ゆっくり,見ていきたい子にはゆっくりゆっくりすすむ。,,
息を吐きながら、,ゆっくり,上体を前に倒し、ゆっくり吸って、ゆっくり吐きながら、十秒数えます。,,
　母は、ぐるりと白い玉石でふかれた正殿前の御榊木の飾ってある鳥居の正面にぺたりと座り、,ゆっくり,と二拝、ゆっくりと二拍、そしてもっとゆっくりと一拝して、口を動かしていました。,,
７　３日目は昨日の玄米のお粥に少し根菜類と葉野菜を入れておじやを作り、お茶碗一杯を,ゆっくり,、さらにゆっくりと噛み、胃袋の調子をうかがいながらゆっくりと食べていきます。,,
　（先生様の…でござりますか、,早速,そう申しましょう。）,,
自衛隊法で「付随的任務」とされている同活動を「本来任務」に格上げする法改正は来年の通常国会で,早速,実現を図る方針だ。,,
平日午前、スーツ族に交じって店頭に並ぶ私服姿の若者たちの声を,早速,拾ってみると―。,,
　ララは相棒の天才プログラマー、ブライス（ノア・テーラー）ら仲間とともに,早速,、謎解きを始める。,,
